45,1977-11-18 01:31:27,4607.77,Buy,163
87,2016-11-28 06:56:40,3375.66,Sell,467
5,1975-08-31 13:54:42,1120.82,Sell,541
84,1972-10-19 09:04:41,908.46,Reload,
93,1998-08-22 20:57:14,600.73,Reload,
5,2013-06-20 01:11:50,5959.56,Buy,168
41,1996-01-23 05:37:10,5996.10,Withdraw,
74,2013-06-26 10:41:00,5895.44,Reload,
99,1974-11-21 12:41:37,1175.96,Reload,
28,1972-01-10 15:35:32,4566.30,Reload,
35,1987-06-30 07:24:11,1716.25,Buy,106
34,2019-03-21 11:56:43,9309.92,Sell,772
5,2021-12-14 17:48:50,5230.59,Withdraw,
17,2016-03-22 03:28:34,4883.60,Sell,778
73,2003-05-15 00:36:14,4659.46,Buy,171
2,1988-03-04 05:35:50,2552.09,Sell,291
87,2009-01-24 16:04:06,923.12,Sell,958
89,2006-05-02 04:48:24,2604.90,Sell,863
50,1989-09-30 00:01:03,4832.14,Withdraw,
37,1978-11-22 12:57:46,7766.01,Reload,
14,2013-05-30 10:21:39,4503.71,Withdraw,
98,2023-08-06 10:04:27,9287.53,Withdraw,
27,1992-12-05 08:15:30,7874.21,Reload,
41,1998-05-09 23:51:13,7670.41,Withdraw,
73,1995-11-22 09:26:23,3912.61,Reload,
83,2018-05-25 14:27:43,9442.93,Sell,374
43,1988-07-07 08:24:34,1020.89,Buy,399
80,1980-02-20 16:00:11,5944.28,Buy,174
71,2002-02-08 22:27:07,1750.27,Reload,
63,1995-05-29 13:23:22,9830.01,Withdraw,
48,2016-02-04 06:40:22,1025.63,Buy,333
15,1981-06-22 16:27:12,6899.82,Reload,
16,1987-10-13 12:17:34,8062.79,Withdraw,
67,2002-01-28 15:11:13,3985.80,Buy,32
50,1986-10-12 00:42:24,337.39,Reload,
71,1982-09-15 10:36:11,5475.49,Withdraw,
42,2017-02-27 11:47:01,4783.46,Sell,190
8,1975-12-25 17:49:17,2362.12,Buy,652
50,1983-02-28 23:11:54,3702.53,Sell,371
67,2015-03-15 01:10:02,7223.56,Reload,
40,2022-01-28 04:55:11,9173.79,Sell,463
93,1994-08-31 20:54:07,6294.62,Sell,28
17,2016-08-08 10:44:45,9824.31,Buy,504
71,2011-02-21 23:49:03,5406.45,Reload,
70,2013-07-06 13:55:20,1018.66,Buy,501
85,2003-08-13 14:21:11,1450.87,Sell,748
70,2020-08-29 14:30:34,3207.22,Reload,
33,2012-02-08 12:20:58,6350.77,Sell,714
2,1974-01-10 00:16:34,1348.36,Sell,693
65,1985-12-14 09:49:50,7080.66,Withdraw,
25,1975-04-07 21:28:36,252.82,Withdraw,
50,1992-03-04 15:25:06,453.00,Sell,121
48,2012-12-31 04:35:01,3549.46,Buy,978
19,1972-07-30 12:05:40,3406.95,Reload,
44,1976-10-29 04:57:31,6205.12,Withdraw,
83,1993-08-04 17:13:03,2074.91,Sell,27
87,2004-04-28 06:16:26,2596.24,Buy,173
81,1975-07-24 14:28:15,5718.13,Sell,868
24,2017-12-16 01:15:40,5919.36,Reload,
56,1993-01-08 14:02:20,1729.66,Reload,
61,1977-06-26 14:16:58,8227.30,Reload,
48,2000-02-09 18:32:02,738.00,Sell,302
81,2011-07-17 04:35:24,2413.30,Sell,179
48,1982-08-13 20:36:52,8158.53,Reload,
5,2000-01-24 08:51:41,3338.65,Withdraw,
21,2009-06-03 14:23:35,7091.34,Buy,345
19,2011-06-12 05:19:58,8231.00,Sell,293
37,2017-06-03 00:26:34,3288.04,Buy,402
97,1999-04-12 04:10:50,2651.30,Sell,347
27,1973-02-02 10:37:38,1806.33,Sell,875
59,2010-11-25 18:31:58,8800.19,Buy,694
28,1990-06-26 22:29:38,6673.14,Withdraw,
17,1985-07-08 01:04:09,5511.00,Sell,429
91,1989-11-28 16:42:33,6458.56,Sell,698
18,1988-05-07 12:26:07,1191.08,Sell,342
13,2003-03-07 06:33:18,5519.47,Sell,878
72,1986-05-01 01:43:11,8448.44,Sell,338
71,2014-04-12 22:44:31,7725.04,Reload,
34,1975-02-13 22:49:37,5343.04,Buy,917
41,1996-04-09 17:38:00,1042.80,Sell,203
99,1999-10-30 02:48:30,9698.48,Withdraw,
61,1971-05-30 04:07:50,1464.86,Buy,980
83,2007-04-20 14:09:06,186.78,Reload,
27,1974-03-15 10:50:00,6951.98,Buy,793
80,1976-09-03 13:42:37,1566.48,Withdraw,
93,2018-05-08 20:59:13,3935.51,Withdraw,
86,2000-09-02 23:59:51,6442.52,Withdraw,
25,1985-11-15 08:07:45,8670.81,Buy,231
42,1976-09-19 06:44:10,8438.55,Reload,
16,2016-02-03 17:44:39,4544.19,Withdraw,
63,1987-12-24 23:11:00,1719.96,Sell,569
15,2005-11-24 13:58:27,1334.23,Withdraw,
56,1997-11-16 02:46:03,8692.92,Buy,682
24,1991-09-01 09:55:11,2469.64,Buy,524
47,2007-10-10 06:47:07,8605.73,Sell,969
56,2008-08-19 19:11:01,6624.52,Withdraw,
51,2005-08-08 11:59:37,1367.69,Buy,608
47,1975-03-14 22:17:12,1987.14,Sell,637
78,1976-02-04 03:04:27,3685.50,Reload,
63,2010-08-12 10:38:46,8022.38,Sell,85
40,1971-09-26 21:47:46,7168.52,Reload,
85,2018-08-14 06:04:20,4977.76,Sell,330
58,1970-12-17 19:40:04,1925.49,Reload,
22,2006-02-10 06:53:07,9290.37,Buy,369
60,2013-09-23 07:27:46,9941.96,Reload,
97,2002-07-20 06:49:00,4347.73,Withdraw,
98,1993-03-24 23:10:38,5112.34,Withdraw,
91,2018-11-02 02:56:14,1032.57,Sell,76
15,2003-07-16 20:58:49,8917.26,Sell,493
51,2002-12-22 13:39:16,5437.04,Buy,89
59,1972-09-24 07:29:08,5133.91,Sell,600
67,2004-06-02 21:07:53,9162.25,Buy,269
15,1974-12-17 12:08:18,7084.52,Withdraw,
29,1981-08-20 10:46:07,9572.65,Withdraw,
71,1983-04-12 05:42:19,921.63,Withdraw,
67,2013-12-05 13:17:29,7660.24,Sell,737
15,1971-03-02 07:22:04,572.57,Buy,649
4,2019-08-01 01:58:53,4840.54,Reload,
44,1982-06-05 19:31:29,4828.78,Withdraw,
62,1995-11-29 12:58:05,3508.17,Withdraw,
94,2012-07-05 02:23:32,335.69,Reload,
95,2011-06-20 18:17:53,3721.82,Buy,210
23,1987-09-21 05:35:12,3670.99,Reload,
82,1982-06-21 04:30:51,9183.90,Sell,816
31,1973-08-03 09:30:34,8539.33,Sell,67
58,2016-12-31 02:01:30,6890.95,Sell,539
99,2016-07-10 23:16:12,9767.53,Reload,
9,1986-12-03 10:33:31,1505.32,Withdraw,
86,2020-12-07 20:28:59,1613.59,Withdraw,
20,1974-04-27 12:16:38,6579.78,Reload,
77,2008-10-16 07:08:02,9439.13,Buy,236
59,2003-12-06 19:20:47,5213.28,Buy,592
65,1994-12-13 16:54:41,5251.28,Sell,728
32,1984-04-17 16:47:34,3908.17,Reload,
31,1976-10-11 06:22:44,4629.34,Withdraw,
64,2000-02-18 02:47:16,7551.96,Sell,968
7,2011-01-23 14:11:04,287.93,Sell,881
45,1974-11-24 15:22:20,6718.20,Sell,837
17,1997-01-28 14:17:10,655.85,Sell,445
17,1992-09-02 12:08:49,5523.62,Buy,182
88,2005-03-18 12:07:10,279.07,Withdraw,
84,1995-04-29 05:33:46,6182.40,Sell,115
46,2013-09-29 12:51:43,7159.09,Reload,
85,1972-10-08 13:46:11,9190.75,Sell,527
26,1989-02-15 23:24:07,5744.05,Reload,
67,1995-05-24 11:48:53,5627.76,Sell,426
49,2008-11-29 19:29:36,4002.98,Withdraw,
58,2007-10-09 14:23:29,1916.71,Withdraw,
18,2017-04-25 13:25:18,1994.29,Buy,903
23,1990-10-25 06:06:23,1964.66,Reload,
55,1995-09-03 09:03:18,373.77,Withdraw,
19,1997-11-07 14:46:57,514.00,Buy,351
91,2008-01-06 22:08:20,808.76,Sell,253
74,2004-01-02 08:41:48,3458.38,Sell,152
47,2005-06-29 12:06:47,7478.06,Sell,229
85,1992-11-17 01:38:51,4534.57,Reload,
83,1978-03-11 22:17:48,1790.97,Withdraw,
29,2021-06-06 17:41:34,9225.97,Reload,
10,2017-09-17 23:26:51,8896.62,Withdraw,
54,2009-11-08 23:54:42,9419.17,Withdraw,
5,2016-06-11 23:37:20,3183.21,Sell,319
53,2019-01-02 19:48:35,7929.73,Buy,547
50,1993-11-24 09:02:58,9343.15,Buy,736
9,1970-06-06 18:00:42,323.71,Withdraw,
7,2005-12-04 22:46:17,9239.81,Reload,
78,1978-07-25 05:35:25,5937.88,Reload,
50,2018-12-23 13:50:07,2048.30,Sell,450
26,2008-08-10 05:49:51,16.68,Withdraw,
46,1974-03-27 14:33:59,2951.17,Reload,
96,1991-08-07 14:58:39,6157.04,Buy,693
58,1981-10-25 09:21:21,2551.18,Reload,
37,1994-09-22 15:18:30,8970.00,Reload,
36,1997-04-15 07:01:15,6412.84,Buy,258
95,2000-06-04 12:54:34,1670.34,Withdraw,
6,2011-11-16 01:00:03,3114.71,Withdraw,
26,1990-02-18 06:45:46,6170.83,Withdraw,
56,2020-02-19 04:51:54,6594.46,Buy,879
20,1970-08-07 06:43:19,5357.84,Reload,
22,1995-07-15 13:29:22,3104.94,Buy,543
5,1987-03-10 06:04:16,8773.32,Reload,
42,2000-09-02 22:43:48,370.71,Sell,178
91,1982-07-19 13:36:56,1647.96,Reload,
13,2004-04-06 13:45:24,2969.88,Reload,
35,2018-05-28 04:04:53,7702.34,Sell,956
96,1981-01-30 14:14:36,4335.90,Buy,563
38,2003-12-24 05:49:30,3385.97,Withdraw,
66,2021-07-16 15:23:58,3291.08,Reload,
16,2018-05-15 04:06:19,4200.01,Buy,534
31,1972-03-01 21:02:50,4274.70,Sell,873
95,1992-03-24 02:34:19,3927.49,Withdraw,
93,2013-12-22 04:19:14,7193.15,Buy,250
98,1992-07-10 13:09:55,7785.68,Withdraw,
86,2003-01-12 02:08:10,832.03,Buy,850
97,1995-12-22 13:10:23,3737.65,Buy,65
11,1986-01-22 00:10:12,9950.78,Reload,
94,2013-08-24 05:42:18,4572.60,Reload,
64,1984-03-21 22:00:04,7085.44,Sell,978
62,2008-06-06 05:46:59,9917.15,Withdraw,
73,1978-10-20 10:52:18,2705.48,Buy,235
8,2005-12-16 23:22:00,1663.79,Reload,
34,1980-05-02 18:54:16,428.86,Withdraw,
97,1983-04-19 01:27:57,7819.31,Buy,533
27,1973-09-05 06:59:38,8632.56,Reload,
31,2022-02-18 10:02:45,4435.66,Sell,53
23,1997-05-08 09:47:47,3128.87,Sell,533
98,1992-10-19 19:30:02,8742.63,Reload,
58,1991-09-08 08:01:10,9363.78,Reload,
8,2005-11-16 09:58:49,8432.12,Reload,
8,2016-12-08 15:07:18,2533.11,Sell,145
8,1973-01-01 11:05:10,9202.25,Withdraw,
61,2006-01-15 05:41:33,3070.92,Buy,632
76,1988-07-26 10:29:44,4565.39,Reload,
61,1993-09-13 17:15:08,798.76,Withdraw,
42,2004-06-20 10:45:23,2939.38,Reload,
88,1982-01-26 23:43:38,5343.54,Withdraw,
10,2005-01-11 12:05:54,8305.43,Reload,
16,1982-12-13 21:35:41,7450.30,Buy,670
89,1989-10-26 01:06:13,3310.56,Withdraw,
56,2020-11-13 11:40:08,5566.22,Sell,265
69,2002-12-11 23:34:23,8328.52,Sell,171
37,2008-05-26 10:55:18,3634.07,Withdraw,
88,2005-05-18 02:51:40,5564.40,Reload,
12,1972-09-18 02:43:46,6628.79,Buy,103
50,1992-06-01 14:14:57,6828.54,Sell,592
2,1985-12-02 05:38:58,1129.74,Sell,533
88,1990-06-14 01:24:42,1025.02,Buy,290
61,1975-07-09 11:18:39,9260.44,Withdraw,
80,2006-02-16 02:45:19,6274.00,Buy,423
24,1989-11-17 03:21:05,1469.09,Buy,741
68,1978-02-19 17:06:27,4657.16,Sell,988
77,2015-11-14 17:49:47,6528.34,Sell,91
31,2016-05-07 02:17:00,1707.48,Sell,683
99,1974-03-02 21:11:34,6156.20,Reload,
27,2009-11-03 22:55:47,7784.59,Withdraw,
63,1989-05-10 16:43:31,3200.07,Buy,124
91,2006-10-04 23:50:27,9962.92,Withdraw,
74,1971-06-07 20:54:25,9261.21,Buy,938
11,1977-06-04 00:43:45,6240.58,Buy,40
33,1984-05-16 04:44:25,5311.14,Reload,
82,2009-12-08 16:30:09,9660.58,Sell,708
79,2016-01-30 06:34:09,773.67,Reload,
41,1986-02-16 11:56:26,7454.96,Reload,
41,1982-08-22 09:32:08,8608.60,Sell,802
24,1999-03-12 10:50:58,6391.37,Reload,
24,2006-12-02 19:47:19,7367.98,Buy,806
23,1998-04-11 13:12:11,389.28,Withdraw,
7,2021-01-04 12:11:35,2131.51,Buy,632
14,1973-02-18 19:06:16,3781.90,Buy,340
22,1989-08-02 19:40:48,856.09,Withdraw,
34,1993-02-09 18:18:50,2856.87,Reload,
79,1984-08-22 13:22:42,8571.39,Reload,
86,2003-09-10 09:28:41,5002.33,Sell,951
92,1976-07-29 22:56:23,2020.54,Sell,116
46,2014-09-06 07:27:00,9204.11,Sell,377
53,2022-12-29 13:00:54,1222.47,Withdraw,
3,2010-07-20 09:14:15,9341.37,Sell,545
89,1984-03-01 04:08:46,3768.49,Reload,
49,2015-01-30 18:03:53,3826.00,Withdraw,
17,1972-09-07 09:56:14,7575.60,Reload,
76,1991-08-06 08:48:43,3856.49,Withdraw,
8,2013-09-08 11:50:33,9640.51,Sell,265
87,1977-09-01 18:12:24,9495.16,Sell,459
95,1998-06-29 11:03:43,7295.39,Reload,
61,1975-12-26 03:38:23,8939.65,Buy,716
27,2000-08-19 06:19:37,4760.05,Reload,
28,2021-11-02 11:14:27,5950.21,Buy,459
0,2010-05-11 04:17:53,50.72,Withdraw,
76,1987-06-18 23:11:26,7062.81,Buy,397
94,2012-05-02 10:47:36,6.87,Sell,440
68,1981-01-11 07:12:40,8780.75,Reload,
56,1979-04-07 03:29:54,4410.40,Buy,68
98,1998-06-23 01:52:05,2033.96,Withdraw,
96,2008-09-14 16:55:06,6653.54,Sell,770
87,2010-07-29 23:37:19,9070.18,Reload,
8,1972-06-04 09:46:09,6989.01,Withdraw,
49,2023-09-03 02:32:23,5453.78,Reload,
95,1986-04-14 08:33:59,6682.94,Sell,566
69,1970-04-09 20:21:30,9255.88,Withdraw,
94,2021-01-19 00:59:55,542.54,Sell,388
14,1971-03-01 23:44:17,1035.48,Withdraw,
54,2023-01-03 04:53:27,4704.91,Buy,213
64,1986-08-20 12:10:39,9440.72,Withdraw,
48,2010-09-24 00:38:24,862.30,Reload,
90,1970-10-01 16:23:28,6987.05,Sell,936
64,2021-08-12 12:54:42,8698.09,Withdraw,
72,1996-04-08 15:46:18,5194.67,Sell,486
15,2003-11-24 19:29:38,1931.72,Buy,74
43,1990-03-28 13:18:12,779.25,Withdraw,
79,1985-01-01 22:32:40,6217.64,Sell,276
28,1992-02-22 02:12:34,9059.95,Buy,919
64,2018-03-18 22:00:57,8387.99,Withdraw,
21,1995-05-29 02:17:56,9263.34,Sell,557
27,1972-10-08 15:43:18,3500.32,Buy,717
53,2006-03-05 12:23:43,2086.10,Sell,902
14,1996-11-10 03:00:57,3202.90,Withdraw,
25,1973-04-04 07:38:48,8517.62,Withdraw,
45,2011-05-19 10:53:21,1087.77,Reload,
75,2021-05-16 14:50:56,892.82,Buy,182
54,2017-07-21 14:16:42,8713.18,Sell,312
75,1999-02-10 16:35:48,744.68,Sell,892
95,2014-09-30 22:10:01,5958.78,Buy,254
99,2020-08-09 05:02:55,7312.76,Withdraw,
36,2010-10-05 01:06:23,2141.10,Reload,
48,1997-06-21 09:28:12,3617.12,Sell,261
86,1977-11-09 19:31:50,5054.41,Sell,848
65,2008-12-04 02:28:00,2975.59,Reload,
53,1988-10-01 06:11:54,1895.46,Sell,879
2,1999-07-11 22:31:44,1309.91,Buy,272
59,2022-03-02 14:23:39,5403.53,Withdraw,
26,1972-05-15 02:57:22,6696.28,Reload,
58,1975-07-22 06:33:31,6628.79,Sell,461
43,2006-09-09 20:54:16,766.12,Buy,925
77,1998-12-01 01:43:50,4383.01,Reload,
57,1997-08-18 14:21:35,4937.80,Withdraw,
46,2000-09-23 17:04:29,2258.00,Sell,727
68,1984-02-11 22:50:57,3976.08,Buy,861
73,1972-07-31 07:25:21,7033.18,Reload,
6,1993-05-20 09:35:10,284.89,Buy,946
2,1988-03-13 08:23:23,1457.94,Withdraw,
47,1995-06-26 12:38:30,3426.79,Reload,
68,1992-10-08 02:18:39,6484.43,Buy,59
4,1999-12-03 11:20:39,830.21,Sell,835
84,2001-04-19 05:23:39,9168.70,Withdraw,
46,2022-06-22 04:24:27,6626.62,Sell,509
66,1980-09-16 17:35:47,6647.29,Buy,954
81,1971-10-04 02:56:44,4118.06,Sell,787
82,2008-02-27 12:15:02,8788.51,Sell,153
24,2009-03-15 10:41:27,1856.99,Buy,284
33,2006-09-09 15:58:12,622.66,Buy,817
31,1972-01-05 03:19:19,8402.23,Reload,
51,1997-03-18 18:09:17,9911.40,Sell,817
76,2004-09-21 13:15:09,7210.85,Withdraw,
79,2022-03-25 12:51:33,8651.63,Sell,673
81,1971-11-24 16:46:40,1402.50,Buy,558
94,2007-11-07 09:09:00,9771.66,Buy,215
13,2023-03-31 19:16:47,7101.58,Sell,324
54,2021-01-08 00:36:53,2604.67,Reload,
76,1997-12-05 04:44:05,3134.48,Withdraw,
21,1997-03-25 03:58:33,4316.78,Withdraw,
67,2001-01-19 11:46:04,6567.71,Sell,648
77,1979-07-03 08:56:57,5124.45,Withdraw,
75,1983-11-30 06:16:01,7429.56,Reload,
34,2020-11-25 05:32:16,8985.41,Reload,
63,1974-09-08 02:49:49,2608.21,Withdraw,
43,2004-01-07 10:33:23,4664.97,Reload,
89,2021-07-06 06:12:30,8976.71,Reload,
86,2023-01-28 00:04:40,5912.96,Reload,
26,1972-04-13 18:11:53,7276.81,Sell,541
90,1978-01-15 07:05:04,8497.76,Withdraw,
28,2003-12-18 02:52:56,6330.18,Reload,
70,2009-02-06 04:39:56,6675.71,Reload,
3,1998-02-17 07:03:34,7071.14,Withdraw,
48,2006-12-31 16:31:19,2792.65,Withdraw,
31,2003-02-27 06:57:23,4220.72,Withdraw,
78,1972-07-09 14:12:48,1194.46,Withdraw,
91,1978-11-23 20:17:23,7848.96,Buy,887
25,2014-10-22 15:31:46,4144.70,Reload,
1,1997-09-09 19:39:13,841.63,Sell,381
35,1970-06-23 02:55:10,9878.04,Reload,
10,2011-09-11 00:27:24,7764.12,Reload,
68,2015-01-19 23:58:37,9339.69,Reload,
3,1982-05-15 16:31:38,7770.50,Withdraw,
32,1978-11-17 01:11:26,9546.95,Withdraw,
68,2005-02-15 18:12:17,8706.25,Buy,143
5,2009-07-02 22:44:49,2757.59,Buy,846
92,1994-01-08 11:17:11,469.83,Buy,864
15,2001-04-01 22:40:00,5853.39,Sell,418
61,1992-04-26 23:25:57,9092.38,Sell,704
20,2023-11-28 05:41:40,9473.19,Reload,
82,1984-03-01 04:51:07,5714.14,Sell,263
89,1990-01-30 11:41:15,284.60,Withdraw,
59,1974-04-17 13:33:55,3120.83,Reload,
86,2004-10-13 17:22:22,8403.46,Sell,228
63,2013-04-01 20:40:45,9502.84,Sell,353
9,1997-02-12 00:16:46,1757.51,Reload,
98,1978-04-05 00:47:58,6083.70,Sell,979
64,1973-09-20 15:53:21,2521.81,Sell,174
39,1998-07-23 10:58:18,5525.19,Reload,
8,2000-04-29 09:00:35,4124.66,Withdraw,
96,1980-07-05 19:33:53,9416.56,Sell,272
7,1973-12-15 10:06:16,6823.85,Reload,
97,2020-10-17 03:52:30,2880.42,Withdraw,
91,1977-07-02 00:29:45,3830.62,Sell,24
5,2002-02-11 18:39:37,4313.45,Withdraw,
38,1970-08-10 04:19:25,2014.91,Reload,
31,2021-05-06 13:41:30,640.30,Sell,669
8,2009-03-06 08:33:50,3870.40,Sell,333
48,2023-04-03 08:53:37,3744.86,Withdraw,
38,2022-08-02 20:31:17,7636.14,Withdraw,
32,2012-12-17 03:08:51,4601.21,Withdraw,
69,2004-03-23 22:21:50,4907.26,Sell,408
2,2005-10-11 01:47:06,562.38,Withdraw,
15,1996-08-05 13:39:36,2405.21,Buy,855
76,1973-12-01 10:01:15,1908.85,Withdraw,
12,2014-06-24 11:42:05,2063.88,Reload,
29,1989-04-10 14:02:41,4406.94,Sell,907
22,2001-09-21 15:31:35,3606.56,Sell,792
42,1977-12-22 08:42:58,2407.63,Withdraw,
21,2020-06-09 22:09:44,3819.24,Reload,
15,1994-01-29 05:08:47,7481.14,Buy,633
64,1982-05-08 18:12:08,8284.32,Buy,892
34,1973-05-30 11:41:41,1628.78,Sell,977
42,2018-03-24 12:03:29,8663.10,Buy,424
4,1982-10-16 13:30:15,506.01,Withdraw,
81,1992-05-13 17:24:21,6140.56,Buy,511
92,1993-04-19 01:28:00,9494.35,Sell,199
39,1995-11-22 07:58:49,5915.42,Sell,221
72,2006-06-15 14:22:12,1521.22,Withdraw,
90,1985-10-07 23:53:08,9572.86,Buy,342
39,1986-09-14 00:31:10,6272.09,Withdraw,
2,2020-06-16 05:47:54,4364.05,Sell,431
94,1992-11-11 06:23:29,8687.68,Withdraw,
39,2011-05-16 13:34:09,1391.75,Withdraw,
67,1989-03-11 09:43:25,7457.25,Withdraw,
64,2009-10-23 18:34:40,4857.70,Sell,948
91,1970-11-12 15:09:00,7941.40,Sell,38
32,1982-07-04 07:53:27,5660.73,Buy,550
39,2018-06-29 10:17:44,9474.49,Sell,452
23,1992-06-25 22:17:16,1196.92,Withdraw,
44,2019-05-01 08:49:07,8231.28,Withdraw,
61,2022-05-01 03:10:48,4437.38,Reload,
70,2019-05-11 15:29:58,6531.84,Reload,
37,1977-05-14 12:46:49,5459.26,Sell,480
99,2005-06-12 10:39:08,2374.27,Sell,295
67,2008-07-08 13:02:18,3526.51,Buy,281
10,1976-11-09 01:57:04,4656.17,Withdraw,
83,2022-05-18 07:18:21,4488.83,Sell,116
28,1992-11-14 06:18:26,5843.18,Buy,561
75,1999-12-09 05:31:38,6086.84,Withdraw,
65,2013-08-06 19:58:58,8359.17,Withdraw,
75,1991-06-23 14:47:50,8795.10,Sell,589
30,2002-03-09 06:53:58,7949.19,Withdraw,
21,2005-03-08 06:39:45,4665.52,Sell,534
64,1987-07-22 03:27:30,4341.27,Reload,
69,1997-03-23 05:39:38,9413.89,Reload,
9,1989-11-17 03:19:22,9316.94,Buy,509
8,2023-09-10 07:54:26,2130.81,Sell,962
62,1999-12-04 03:52:14,7910.94,Sell,274
40,2007-11-19 20:02:12,1360.08,Buy,949
53,2013-02-24 23:25:46,2747.34,Withdraw,
76,2016-11-11 12:07:40,7615.40,Buy,664
60,1990-01-12 00:41:24,8685.72,Withdraw,
12,1989-09-19 14:19:35,6258.75,Withdraw,
11,2012-05-16 14:13:18,4700.90,Sell,882
18,1970-12-29 05:53:44,3532.27,Reload,
53,1985-04-20 20:01:16,5085.65,Sell,75
39,2022-07-13 03:46:40,8446.72,Buy,47
19,1981-05-11 08:03:42,9066.85,Reload,
41,1998-11-30 00:21:16,6206.22,Buy,690
12,1978-11-29 02:46:56,914.11,Sell,256
19,2000-03-04 12:55:15,1905.90,Sell,464
34,2014-05-06 21:57:56,956.38,Reload,
25,1998-02-02 13:34:48,540.83,Buy,789
76,2008-10-12 22:51:57,6716.46,Withdraw,
3,2004-05-21 19:10:39,9997.60,Withdraw,
47,2017-07-22 09:14:06,7039.84,Reload,
26,1985-03-05 02:25:04,4079.69,Sell,3
86,1990-08-24 04:54:31,7624.85,Sell,371
77,2002-03-26 13:27:37,2475.89,Reload,
93,2017-05-01 00:28:56,2084.21,Buy,752
93,1995-01-28 12:56:53,4551.74,Sell,698
70,1972-07-20 14:10:37,5722.52,Sell,317
53,1974-08-22 14:35:03,367.10,Buy,441
16,2006-01-19 12:33:49,1858.21,Sell,468
52,2002-04-21 08:40:07,2712.52,Reload,
47,2023-03-11 18:21:46,4987.16,Buy,692
57,2013-02-09 03:16:53,670.97,Reload,
1,2022-12-20 15:05:20,5427.35,Reload,
2,1994-10-05 02:12:15,1078.86,Reload,
91,2013-06-18 19:53:33,4616.75,Reload,
69,1994-10-06 02:06:18,6672.12,Buy,725
24,1974-03-19 20:57:20,4915.61,Reload,
77,1980-08-06 16:41:30,7407.56,Sell,165
8,1981-03-25 08:40:44,3147.76,Buy,849
43,1995-09-19 04:05:55,7482.77,Sell,121
49,1971-08-01 10:04:38,1219.52,Buy,64
88,1985-04-16 06:37:06,1687.68,Withdraw,
96,1980-06-15 12:52:26,6184.43,Buy,662
18,1983-03-30 20:06:20,7543.90,Withdraw,
79,1992-01-10 10:04:28,2042.94,Sell,393
68,1990-10-19 12:13:20,5165.53,Withdraw,
11,1979-05-07 13:35:05,1211.38,Withdraw,
3,2014-11-17 15:52:57,2316.74,Sell,431
90,2020-10-24 06:34:59,2911.82,Buy,352
64,1985-05-09 10:10:19,6746.75,Sell,526
21,1990-12-31 19:27:32,7013.22,Withdraw,
12,2017-11-03 03:43:33,2687.38,Reload,
86,1972-11-09 07:49:06,1404.37,Buy,801
9,1977-03-09 05:09:06,5008.60,Reload,
36,2016-08-07 13:38:13,2069.22,Withdraw,
64,1991-01-01 23:39:00,5546.97,Buy,280
40,1974-10-11 20:08:43,1384.74,Withdraw,
92,1973-02-09 00:42:03,5955.27,Sell,707
74,1972-11-19 15:39:32,7808.63,Sell,474
52,2011-05-08 16:59:31,4261.63,Withdraw,
12,1984-06-15 20:02:46,4606.86,Withdraw,
16,2001-09-05 07:46:10,6471.74,Reload,
78,2005-12-30 02:56:31,4015.74,Withdraw,
31,1998-05-10 23:17:13,1296.32,Buy,525
13,2006-11-28 00:39:04,2453.26,Buy,312
74,2013-01-23 11:41:30,6345.85,Buy,454
53,1971-04-03 01:02:27,2800.75,Sell,395
96,1995-05-31 05:35:53,1781.93,Withdraw,
40,1971-09-22 11:28:19,8774.05,Reload,
60,1979-10-07 14:30:41,683.60,Reload,
76,1998-07-28 08:19:15,3636.70,Withdraw,
9,1977-03-03 04:46:54,4933.85,Reload,
77,2018-07-12 14:22:48,3137.30,Sell,505
11,1995-09-17 12:34:50,2477.22,Sell,513
83,2003-06-22 17:34:02,6947.46,Buy,55
83,1998-12-06 05:54:52,6134.41,Sell,716
96,1986-04-23 03:28:59,3014.03,Withdraw,
3,2009-07-08 04:43:35,4462.80,Withdraw,
81,2021-04-19 11:52:22,6577.89,Reload,
41,2015-01-10 22:29:03,9299.23,Withdraw,
21,1997-06-25 23:46:35,8154.54,Withdraw,
21,1991-01-17 14:44:06,6229.59,Buy,230
19,2004-03-18 16:08:12,8547.84,Sell,217
80,1979-03-23 05:55:01,8451.41,Reload,
75,2019-07-24 06:33:54,3308.39,Withdraw,
25,2010-10-09 09:45:24,3840.28,Withdraw,
71,1971-06-22 16:22:38,2133.37,Buy,526
9,2014-08-11 18:11:19,1498.58,Reload,
30,2009-10-21 16:55:26,752.67,Buy,281
72,1984-09-09 06:23:37,8864.52,Buy,58
13,2017-06-07 08:49:53,5860.91,Sell,92
82,2023-05-29 04:24:22,6652.64,Buy,864
24,1988-12-02 16:16:13,7239.82,Buy,97
43,2002-11-05 17:26:46,8137.08,Withdraw,
34,1976-10-31 05:44:27,4027.90,Sell,442
49,1979-04-09 17:08:32,3916.65,Withdraw,
50,2022-04-20 12:14:20,4704.97,Withdraw,
50,1984-04-21 11:56:53,1303.35,Buy,835
36,2007-03-17 14:32:27,7059.75,Buy,659
36,1979-10-09 12:40:19,6286.09,Sell,287
46,2005-02-26 20:50:56,2922.68,Sell,47
12,1984-05-15 06:47:04,5307.45,Buy,784
78,1992-08-01 21:01:28,838.31,Sell,975
46,2002-02-23 17:47:38,8984.86,Sell,31
5,2018-07-10 06:07:53,6745.67,Sell,895
87,1991-07-27 23:32:56,5220.14,Withdraw,
85,1999-11-30 08:11:56,9299.62,Withdraw,
80,2004-08-19 22:27:32,611.02,Sell,332
20,2009-02-02 12:39:03,6475.37,Buy,405
18,1998-07-31 11:46:26,7508.81,Withdraw,
6,2015-06-15 14:53:58,1508.80,Reload,
62,2018-04-25 19:37:02,2988.57,Buy,228
76,2012-06-21 17:56:29,2820.92,Withdraw,
89,2000-02-19 05:48:31,2584.37,Buy,145
48,1972-07-19 21:55:02,4993.02,Reload,
21,2009-09-10 16:27:52,5270.86,Sell,480
40,1996-07-05 12:59:27,1073.87,Withdraw,
49,1990-09-15 18:13:57,5753.37,Reload,
8,2013-05-04 18:56:58,9892.18,Reload,
5,1977-10-22 04:06:35,9580.63,Buy,711
94,2015-12-10 23:04:34,3730.26,Sell,299
11,1984-09-04 06:39:44,119.46,Withdraw,
91,1976-05-24 18:52:02,789.05,Withdraw,
39,1973-12-26 10:03:32,6030.25,Buy,897
5,1990-10-23 09:32:13,7615.02,Withdraw,
62,1995-03-01 00:54:38,390.56,Sell,28
32,2000-04-02 08:14:58,9068.06,Sell,52
85,1998-05-17 14:43:07,1284.70,Buy,907
18,2001-04-30 17:04:52,6740.90,Sell,311
77,1970-07-21 02:53:51,1330.14,Sell,530
96,2014-06-23 18:32:56,3858.17,Buy,961
67,1996-10-11 11:57:42,2756.04,Buy,527
91,2016-02-05 15:35:40,3139.12,Sell,613
53,1972-08-21 12:02:03,6301.10,Reload,
19,2020-03-12 10:17:59,1484.10,Reload,
63,2000-01-07 05:49:36,3592.57,Sell,832
77,2004-04-05 22:26:08,3243.31,Buy,609
88,2014-04-06 12:22:41,7559.27,Buy,272
93,1994-07-04 16:11:28,9200.09,Reload,
16,2004-03-28 09:04:21,6048.78,Withdraw,
37,1972-03-08 04:24:20,2866.69,Withdraw,
72,1990-12-10 22:33:16,330.55,Reload,
96,1979-03-07 20:24:49,8140.37,Buy,861
13,2007-07-22 03:43:26,7632.23,Sell,789
79,1973-03-23 16:20:30,6305.88,Reload,
92,2019-04-02 17:05:53,1322.08,Reload,
52,1997-09-07 04:54:23,9760.05,Withdraw,
44,1987-03-16 18:00:14,7143.58,Sell,211
41,2001-06-26 20:25:52,71.26,Withdraw,
99,2018-01-12 19:59:47,3981.07,Reload,
63,1997-02-25 05:48:30,6922.47,Reload,
25,1980-05-21 04:37:27,2441.23,Reload,
78,2012-12-28 11:34:56,7687.99,Withdraw,
48,1995-03-13 19:54:57,5170.57,Sell,730
7,1975-04-28 22:42:50,5774.38,Reload,
1,2012-04-09 03:21:10,4511.23,Buy,260
13,2000-05-05 05:10:06,5928.20,Reload,
42,1999-02-27 18:22:15,3150.27,Sell,254
2,2013-06-21 09:12:37,7746.02,Buy,724
73,1987-05-11 19:53:05,3070.07,Sell,248
16,1970-12-17 13:33:12,4822.27,Withdraw,
74,2014-11-21 17:57:58,4043.54,Reload,
63,1978-09-30 01:19:18,1179.79,Buy,401
55,1970-05-06 07:41:50,8655.77,Buy,307
10,1973-08-26 16:17:10,2568.31,Withdraw,
60,1995-09-20 16:41:15,6115.35,Withdraw,
9,1975-05-14 11:36:12,4926.19,Reload,
77,1978-12-29 23:59:01,8932.89,Buy,544
53,2009-08-13 02:51:50,4254.53,Buy,591
32,2015-12-23 15:20:57,3750.98,Withdraw,
43,1996-08-26 11:41:48,7518.66,Buy,430
5,2014-02-13 21:40:30,5745.26,Withdraw,
52,2013-12-25 07:15:09,5514.71,Withdraw,
33,1977-07-09 11:52:37,9879.54,Buy,805
38,1975-03-26 23:34:47,3246.11,Withdraw,
20,1995-11-23 10:15:36,3539.60,Reload,
71,1990-07-08 16:56:10,6941.74,Buy,810
17,1975-05-27 20:14:35,9080.27,Withdraw,
94,2011-01-07 12:16:52,3480.43,Buy,354
40,1985-06-27 02:15:09,2559.52,Buy,978
99,1980-02-13 08:54:25,7949.60,Sell,500
95,1993-08-26 03:31:03,6016.24,Buy,690
4,1983-09-24 13:44:12,7684.27,Buy,490
24,2022-10-06 03:56:58,9332.37,Sell,638
16,2011-04-11 15:58:40,8254.38,Buy,48
49,2021-09-10 04:46:01,9512.98,Withdraw,
77,1988-10-10 14:54:00,5265.59,Withdraw,
83,2007-02-24 06:31:56,6281.94,Buy,651
70,1979-08-04 15:14:41,2177.23,Reload,
62,1981-07-19 01:00:22,1516.65,Withdraw,
21,2004-12-16 03:41:40,9661.08,Reload,
40,2006-06-26 02:22:06,6237.83,Sell,330
54,1979-11-09 22:25:30,555.37,Sell,822
63,2001-07-13 06:53:06,7938.71,Withdraw,
41,2002-01-15 11:37:51,9831.75,Withdraw,
28,1981-04-23 05:57:42,9245.53,Reload,
88,2012-10-27 00:28:41,3690.39,Withdraw,
84,1989-01-10 13:36:37,1520.97,Buy,459
33,2006-11-30 21:38:25,3807.18,Buy,8
13,2002-03-11 01:11:23,383.17,Reload,
29,1995-07-11 11:22:48,4255.78,Withdraw,
14,1992-01-09 04:12:46,7822.20,Withdraw,
80,1998-08-28 23:22:35,4653.63,Reload,
80,2002-08-07 08:24:23,3288.68,Withdraw,
40,2018-08-02 18:49:40,8258.78,Sell,656
47,1970-06-30 15:29:16,7285.77,Withdraw,
81,1981-05-21 21:27:58,6999.89,Withdraw,
94,1996-01-24 03:30:34,3874.94,Sell,949
60,1995-07-29 18:58:26,4596.78,Reload,
6,1998-08-06 09:59:11,3995.69,Sell,68
50,2018-11-03 13:46:28,2572.77,Reload,
75,1988-09-24 23:22:32,3924.50,Sell,643
93,1985-09-19 18:50:08,8344.74,Reload,
39,2017-12-15 14:14:08,9980.95,Withdraw,
17,1979-05-31 02:20:55,8144.97,Reload,
64,1970-07-01 00:34:08,3190.94,Reload,
47,2013-07-26 14:39:40,6660.20,Buy,55
41,1975-07-26 13:29:40,2816.99,Sell,103
60,2015-02-08 05:32:00,4000.87,Withdraw,
61,2022-06-12 03:33:45,9576.13,Buy,436
20,1996-04-08 02:41:15,8860.68,Withdraw,
11,2023-03-02 21:33:15,9737.07,Sell,678
64,2021-12-11 20:08:01,5960.60,Sell,770
50,2008-10-14 23:48:51,2954.33,Reload,
84,1975-02-12 22:30:13,4792.25,Sell,766
99,1978-10-14 17:38:28,2415.17,Withdraw,
1,1996-07-11 18:53:34,8996.79,Reload,
6,2007-11-08 19:14:06,8361.01,Withdraw,
89,2014-05-19 13:47:27,8171.40,Sell,986
88,1971-10-12 02:53:13,4477.88,Withdraw,
78,2000-10-10 07:50:45,356.94,Withdraw,
42,1975-07-11 20:53:14,109.62,Withdraw,
13,2006-04-20 07:44:15,8304.91,Buy,707
23,1990-08-17 12:40:32,2989.37,Withdraw,
26,2000-07-13 18:20:25,3959.29,Withdraw,
55,1992-01-29 01:03:13,4603.18,Sell,730
9,1983-08-11 14:41:32,6895.01,Withdraw,
42,2008-05-01 21:15:03,2002.66,Withdraw,
63,1988-09-21 08:00:56,8442.62,Reload,
19,1979-08-30 13:31:51,8112.25,Sell,51
16,1971-01-27 19:23:54,3449.32,Sell,171
3,2009-10-08 15:10:33,7953.32,Reload,
7,1981-10-26 17:24:09,3851.59,Sell,920
87,1997-02-22 04:50:20,7447.54,Reload,
39,1994-09-05 09:53:55,6256.49,Buy,338
31,1982-03-25 01:53:28,1083.87,Reload,
6,2017-04-17 22:18:56,130.82,Withdraw,
9,1975-11-05 03:53:14,9523.12,Sell,371
3,1994-12-18 23:12:37,9652.28,Buy,872
15,1993-12-07 22:59:33,6708.19,Sell,102
23,2021-05-13 05:33:41,5812.66,Buy,270
33,1996-05-31 10:16:11,4617.98,Reload,
72,1992-09-04 05:22:28,5816.30,Reload,
28,1979-09-16 20:55:26,364.35,Sell,838
85,1997-04-21 20:22:26,4956.96,Reload,
27,1970-02-19 02:34:12,1619.16,Sell,341
64,1991-11-05 04:42:33,9747.11,Sell,579
66,1990-06-22 21:34:25,2863.28,Sell,579
2,2007-08-04 01:54:05,9166.86,Buy,825
37,1987-05-15 08:12:29,8740.05,Sell,824
29,1979-08-27 07:09:11,5451.14,Sell,942
61,2021-07-03 16:20:17,6620.60,Withdraw,
83,1978-11-23 12:11:41,9199.26,Buy,666
21,1995-07-22 13:28:24,877.59,Sell,853
27,2019-07-27 12:51:12,6870.16,Reload,
83,1983-09-13 01:27:00,2047.58,Buy,666
67,2001-02-06 17:36:39,4055.97,Sell,813
90,1980-12-24 18:22:39,718.69,Sell,507
72,1993-10-21 06:10:07,4053.60,Sell,640
62,1994-09-25 01:56:20,5757.18,Reload,
71,1982-03-21 23:24:13,9579.86,Withdraw,
74,1978-03-22 14:31:38,8371.65,Withdraw,
53,2017-01-03 04:45:49,7441.09,Sell,114
85,2005-12-02 09:03:29,3245.39,Sell,179
16,1989-01-28 13:49:27,3675.37,Sell,793
36,1974-03-26 20:41:22,9402.64,Sell,191
22,1976-06-17 02:15:33,7282.32,Buy,881
52,2015-12-12 12:36:56,6786.10,Withdraw,
48,2021-08-26 18:59:50,5727.01,Reload,
69,1976-08-21 08:19:14,5891.56,Buy,380
95,1988-06-21 00:02:14,909.61,Reload,
85,2009-02-04 23:58:12,6372.90,Buy,836
73,2011-06-11 16:17:06,3018.06,Reload,
70,2021-02-03 04:29:28,2350.83,Withdraw,
64,2016-08-29 00:20:53,2625.73,Withdraw,
5,1971-01-14 10:27:32,7116.98,Withdraw,
15,1999-05-10 06:32:54,887.70,Withdraw,
29,1970-03-07 18:55:17,3566.34,Sell,713
38,2014-01-06 05:35:06,3207.24,Reload,
21,1998-10-01 14:51:11,6037.84,Withdraw,
51,1974-09-30 23:25:08,9850.72,Withdraw,
76,2001-08-04 14:47:13,6981.70,Sell,657
23,2009-02-03 14:19:14,1658.90,Withdraw,
71,2004-09-24 01:15:07,4451.13,Buy,615
78,1978-09-14 02:54:12,1169.64,Buy,401
79,1985-06-22 02:41:33,1594.38,Sell,776
9,1997-09-10 19:43:11,3072.58,Withdraw,
40,1979-12-04 23:26:13,6238.92,Withdraw,
3,1989-10-22 03:38:43,1105.42,Buy,847
97,2003-05-16 16:21:43,4634.69,Buy,200
21,2005-09-10 16:23:19,9401.96,Reload,
60,1976-02-27 02:04:15,2541.31,Sell,75
87,2021-03-08 11:02:09,4004.22,Buy,176
77,2015-06-11 12:29:06,4465.81,Reload,
44,2022-08-29 13:22:43,1475.38,Buy,810
84,1978-05-13 18:31:04,9223.62,Buy,577
48,1985-03-10 01:22:26,6222.91,Sell,442
84,2008-06-29 21:16:39,4100.49,Reload,
14,1990-11-19 19:00:26,50.98,Buy,904
75,1997-03-21 18:00:43,631.62,Reload,
7,1981-10-15 22:18:14,1840.35,Withdraw,
49,1991-07-20 00:42:09,2067.39,Withdraw,
73,1980-10-17 16:27:22,826.09,Reload,
9,2021-10-31 09:00:09,1489.12,Buy,976
59,2023-05-30 12:07:41,3926.81,Sell,687
7,2006-05-15 02:35:33,4940.66,Withdraw,
71,2009-07-19 08:29:58,6915.52,Reload,
35,1989-02-04 11:46:06,2239.36,Withdraw,
59,1970-06-25 14:43:14,1433.05,Withdraw,
73,2016-03-21 07:11:24,7585.73,Buy,973
98,1984-08-31 00:47:38,5626.69,Buy,547
77,2020-07-13 08:31:40,1154.10,Withdraw,
55,2015-06-29 14:29:52,1118.13,Reload,
93,1985-08-17 18:32:32,3888.20,Reload,
36,2014-01-31 07:04:25,2728.22,Sell,716
77,2013-12-18 08:30:39,20.62,Buy,416
54,2016-07-05 23:41:50,1188.91,Withdraw,
1,2022-03-03 18:24:42,8575.32,Buy,75
87,1978-05-20 05:58:57,9125.59,Reload,
61,1994-02-21 22:02:54,5648.53,Sell,18
5,1981-05-27 04:02:12,709.48,Withdraw,
52,1970-08-13 20:48:13,6427.24,Sell,623
15,2004-05-12 05:55:15,6852.64,Withdraw,
73,1993-01-05 08:15:42,5444.90,Reload,
9,2020-06-03 23:22:21,8509.41,Buy,346
54,2005-01-29 22:07:01,949.76,Reload,
53,1983-05-23 03:47:34,2833.60,Sell,947
24,1971-03-16 18:05:03,3153.92,Withdraw,
11,1980-08-10 11:45:17,3790.27,Buy,502
39,1972-03-12 16:59:55,6903.67,Buy,483
21,2000-11-05 12:43:43,1994.01,Reload,
69,1992-04-26 10:50:14,8531.21,Sell,950
36,2015-01-16 21:35:38,6908.11,Sell,816
47,2003-07-20 04:37:12,8452.69,Reload,
0,2007-11-20 09:02:15,5867.13,Reload,
87,2014-08-25 12:54:51,2946.00,Sell,933
24,1978-08-15 22:37:07,3693.57,Withdraw,
30,2001-12-27 15:13:33,4115.47,Reload,
60,2012-07-25 14:43:04,8452.18,Buy,321
53,2004-04-12 07:17:02,3583.85,Withdraw,
25,1982-06-27 12:59:01,4119.01,Reload,
62,2021-09-05 03:19:36,108.42,Withdraw,
20,1972-12-05 09:55:43,5670.05,Withdraw,
91,1977-12-06 21:26:42,7986.87,Sell,148
99,2022-04-02 14:56:40,1847.52,Sell,921
3,1972-09-06 18:01:00,3866.00,Withdraw,
89,2000-01-09 15:02:51,5868.66,Sell,141
37,1981-10-05 15:25:27,1200.85,Buy,469
84,2007-02-25 18:16:27,4774.17,Sell,836
23,1998-04-02 19:22:22,8632.10,Withdraw,
39,2011-08-24 13:55:08,6780.55,Reload,
52,1988-10-19 14:09:03,9964.42,Reload,
4,2012-02-22 16:26:59,9574.86,Buy,801
32,2021-10-31 23:14:18,5942.79,Withdraw,
43,1972-04-24 04:07:01,6114.46,Buy,817
14,1995-12-31 09:21:11,677.79,Withdraw,
51,2022-01-29 05:09:51,182.00,Sell,454
53,2015-12-22 23:58:23,3364.85,Sell,65
13,1974-11-11 07:07:42,6067.90,Buy,62
91,1970-10-29 00:02:47,38.92,Buy,181
13,1994-01-04 17:01:51,2448.20,Buy,324
30,2010-09-02 09:12:07,2322.01,Buy,222
92,2010-09-23 07:37:41,5663.53,Sell,284
7,1997-01-17 13:08:24,4847.81,Reload,
25,1971-12-09 10:28:14,7109.43,Sell,797
27,2002-03-11 00:33:25,2605.15,Sell,447
13,1988-01-22 15:59:36,8507.22,Sell,841
85,2006-10-26 06:18:13,9284.20,Buy,685
38,1974-04-26 21:25:21,6449.76,Buy,321
28,2012-11-13 02:21:15,438.77,Sell,623
46,1979-04-16 13:19:39,9853.92,Sell,136
76,2014-05-17 21:01:15,7917.43,Buy,200
38,1973-08-27 16:50:01,3850.88,Reload,
54,2018-11-27 14:47:41,8963.06,Withdraw,
28,2015-11-11 22:14:41,4869.66,Buy,828
83,2019-01-05 07:31:00,9792.62,Buy,564
43,1986-11-07 20:33:33,3967.82,Reload,
70,2022-06-09 13:55:54,5488.26,Sell,278
25,2011-01-25 10:03:01,7155.18,Reload,
9,1974-10-23 06:02:23,2370.74,Sell,297
50,1976-03-17 05:00:20,5535.38,Buy,856
64,1975-07-04 07:13:10,3285.60,Sell,871
81,1992-03-05 11:32:44,1190.61,Withdraw,
93,1976-08-26 09:26:20,1990.97,Sell,38
95,1972-06-20 00:16:59,9217.22,Buy,825
53,2005-08-12 13:43:45,5876.53,Buy,982
96,1995-06-28 15:32:46,9151.80,Buy,382
82,1973-06-01 17:06:06,1403.02,Buy,723
80,1978-07-14 11:32:11,1544.13,Sell,165
65,2010-08-30 13:50:41,1876.76,Reload,
49,2023-08-18 11:51:05,5845.96,Sell,46
49,1992-04-26 03:18:26,5832.43,Withdraw,
34,2023-08-10 10:08:09,9001.88,Sell,783
42,1977-03-06 05:47:29,6184.66,Reload,
94,1994-06-06 12:42:55,7244.05,Reload,
1,1992-10-07 17:48:30,30.67,Withdraw,
8,1990-10-05 05:37:53,5927.35,Withdraw,
71,1992-11-30 05:43:54,5391.86,Buy,758
79,1974-12-19 00:18:06,5105.63,Sell,518
31,1971-08-06 04:49:21,5916.25,Buy,549
81,1995-10-17 16:38:15,8160.74,Reload,
33,1995-07-28 12:20:11,1163.13,Buy,305
1,2001-02-13 10:39:50,4287.60,Reload,
4,1971-01-23 04:27:01,2745.34,Sell,563
34,1989-04-28 00:19:21,6809.40,Buy,692
6,2007-01-07 09:33:33,1692.84,Withdraw,
11,1998-09-14 20:36:14,7476.84,Reload,
45,2016-06-26 20:04:52,7673.29,Reload,
58,1987-05-06 06:39:34,7231.66,Reload,
93,2000-08-15 12:55:10,724.52,Withdraw,
75,1971-05-18 14:46:39,4622.78,Sell,710
35,2011-08-15 18:44:49,9225.40,Reload,
1,2018-12-19 08:14:39,296.77,Sell,427
48,2013-11-21 02:55:44,5222.65,Sell,446
35,1979-06-05 16:45:37,3696.44,Withdraw,
54,1977-11-08 19:42:19,7330.70,Reload,
96,1981-09-12 16:10:57,1661.22,Buy,586
24,2002-07-23 11:35:53,1490.94,Withdraw,
86,1983-02-01 12:59:41,8039.54,Sell,780
3,1998-06-19 05:56:27,318.99,Reload,
63,2016-08-04 10:53:46,8429.78,Withdraw,
51,2018-03-29 03:17:58,3391.67,Reload,
21,1979-06-03 22:30:06,9516.94,Withdraw,
29,1975-12-03 15:23:08,3024.28,Buy,828
42,2002-12-08 10:05:21,8802.98,Reload,
98,2001-05-24 14:32:55,318.52,Sell,887
14,1976-10-13 10:36:27,4754.29,Reload,
99,2007-01-26 13:45:07,5800.74,Reload,
9,1998-06-02 16:59:10,520.78,Buy,60
84,1997-03-07 16:33:32,18.18,Withdraw,
91,1999-01-16 18:20:43,6504.58,Withdraw,
18,1983-03-02 14:49:47,2538.13,Sell,137
32,1993-03-15 12:49:35,6921.73,Reload,
71,1976-01-30 15:06:59,8729.97,Withdraw,
19,2009-12-28 13:18:14,8774.68,Buy,200
71,1994-10-03 06:07:06,4757.43,Reload,
72,2006-09-11 00:14:43,5180.97,Withdraw,
24,2013-09-15 08:32:08,5497.35,Reload,
38,1986-11-07 09:33:48,8294.86,Sell,138
54,1972-04-24 18:11:54,9240.21,Buy,920
5,1995-01-28 05:22:17,7993.14,Reload,
50,2012-01-04 17:34:32,3408.77,Buy,156
76,2001-08-21 07:17:45,1038.23,Reload,
22,2001-09-20 08:22:21,3895.39,Reload,
59,2008-10-24 07:40:19,2272.31,Buy,928
89,1971-12-07 20:34:15,8981.93,Withdraw,
49,1990-05-25 20:18:25,6366.40,Buy,318
25,1999-06-15 22:46:34,3608.55,Sell,5
2,1977-03-29 03:02:08,5309.60,Reload,
59,1985-02-17 00:03:00,4082.76,Sell,531
66,1986-10-17 00:39:56,1595.20,Buy,19
89,1981-01-24 16:17:27,7057.45,Withdraw,
18,1990-05-11 15:44:42,5602.80,Reload,
16,2010-03-06 07:26:36,7991.85,Buy,732
90,2009-08-13 23:49:31,7056.59,Withdraw,
7,2022-12-17 07:58:29,3688.49,Sell,483
95,1991-04-10 13:28:41,1897.36,Sell,667
96,2020-06-17 10:03:17,4054.35,Reload,
76,2021-08-02 09:48:52,82.65,Buy,72
2,2015-12-07 22:21:03,4558.94,Buy,253
80,1987-06-06 03:21:04,7131.93,Sell,366
22,1999-11-25 03:26:00,1254.12,Sell,777
48,2007-05-08 21:45:22,2618.10,Sell,642
6,1993-01-28 21:10:30,6277.15,Withdraw,
75,2022-06-02 05:35:06,2088.53,Sell,615
82,1997-06-17 12:36:43,1779.75,Sell,571
94,2014-08-06 23:32:29,6846.03,Sell,809
79,1992-10-11 03:29:12,7637.02,Buy,570
87,1983-03-04 01:46:43,7230.85,Reload,
28,1991-03-29 19:44:49,1675.29,Sell,852
33,2017-10-25 21:02:52,1644.13,Sell,178
70,2011-07-31 05:00:51,6807.19,Buy,858
48,1974-09-09 20:52:20,9355.04,Reload,
93,2021-07-22 16:34:09,8427.31,Withdraw,
98,2014-06-02 14:58:51,6181.63,Buy,760
59,1999-02-03 11:55:34,2883.04,Sell,696
88,2005-10-25 17:32:47,6665.92,Reload,
82,1991-04-13 01:13:09,2946.83,Reload,
30,2005-12-08 15:44:32,3141.05,Buy,122
62,1995-02-20 03:31:07,8312.86,Buy,794
28,1978-06-29 01:30:01,7763.11,Buy,776
14,1994-07-27 19:43:54,3970.20,Withdraw,
41,1972-08-10 02:39:16,6830.48,Sell,578
18,2012-06-02 04:52:48,8508.50,Sell,362
67,1995-08-05 05:33:44,7353.03,Sell,490
31,1985-02-18 20:44:42,430.64,Sell,274
7,2006-10-16 22:57:30,5557.37,Sell,759
64,2009-05-04 22:23:02,9829.00,Withdraw,
48,2000-05-23 20:10:52,1519.55,Withdraw,
84,1983-05-17 23:17:15,3608.74,Withdraw,
73,2011-11-26 04:34:29,4555.01,Reload,
35,2012-04-21 00:24:06,6234.93,Sell,948
70,2011-10-29 13:18:49,9294.53,Sell,510
39,1999-08-21 01:58:03,2592.93,Reload,
89,1976-11-05 04:56:12,941.61,Reload,
30,1986-10-13 08:47:29,4642.35,Reload,
73,2008-07-31 09:52:38,647.84,Buy,256
13,2006-04-22 15:07:41,2969.79,Buy,263
30,1988-01-03 16:21:25,1277.89,Withdraw,
40,2008-03-19 02:25:00,6240.22,Buy,162
72,2010-07-13 23:07:29,4385.12,Buy,783
60,1988-09-27 13:22:58,9531.69,Buy,396
58,1999-03-22 22:06:58,9280.93,Buy,520
69,1993-06-19 23:46:06,3174.28,Withdraw,
39,1991-12-02 17:05:37,8540.19,Sell,26
53,2021-08-22 12:03:53,273.41,Withdraw,
77,2023-09-29 19:25:38,1110.36,Buy,463
9,1992-03-20 03:32:05,4769.82,Withdraw,
45,1994-10-15 16:33:36,7906.31,Withdraw,
32,2005-03-02 04:00:38,9001.91,Sell,313
84,2022-05-20 17:33:56,6620.64,Buy,419
28,1989-03-21 17:47:48,9735.36,Reload,
89,1985-07-11 08:49:19,6671.77,Sell,86
11,2010-07-08 16:47:41,770.12,Withdraw,
72,1974-09-17 02:01:25,6578.20,Buy,278
92,1981-01-29 16:37:04,6216.80,Withdraw,
48,2007-02-15 22:37:12,3220.28,Reload,
46,2006-09-09 01:54:46,8504.96,Reload,
66,2023-10-25 12:44:14,7131.70,Buy,480
48,1973-08-12 20:54:09,3335.40,Buy,224
79,1977-09-03 15:31:21,3351.79,Sell,985
97,2009-01-29 12:23:52,224.42,Reload,
98,2012-07-14 18:16:45,5125.48,Sell,603
61,1987-03-05 05:51:14,5327.22,Buy,205
22,2003-03-18 07:36:17,2075.00,Withdraw,
94,1984-02-01 02:28:21,1785.63,Withdraw,
19,2023-05-18 00:55:10,6845.49,Withdraw,
84,1975-11-05 08:24:00,458.65,Withdraw,
72,2012-10-26 06:23:15,719.51,Buy,727
8,1979-02-19 12:26:11,7261.65,Sell,734
5,1977-07-06 10:08:04,1845.16,Withdraw,
41,1993-11-05 02:41:03,97.14,Reload,
78,2015-11-21 07:36:29,5244.54,Buy,759
91,2005-02-12 15:26:44,7257.89,Withdraw,
6,1993-07-29 05:11:22,2878.25,Sell,730
27,1998-10-05 20:43:26,1314.15,Buy,684
21,1974-06-17 02:42:00,276.89,Reload,
17,1995-10-06 23:31:20,8159.76,Reload,
81,2001-03-06 00:45:07,3050.22,Sell,598
25,1974-04-05 14:46:57,2241.85,Buy,544
65,2012-10-18 02:31:02,9212.73,Reload,
33,2012-05-10 15:08:13,432.04,Reload,
19,1997-08-14 04:15:45,4533.38,Withdraw,
87,1979-03-13 00:29:34,5240.99,Buy,922
2,1979-11-21 19:17:42,4357.72,Reload,
63,2005-09-26 04:43:03,7388.16,Withdraw,
94,2016-04-01 15:36:50,6811.09,Reload,
23,2011-12-25 22:26:53,5294.01,Sell,688
57,2006-12-21 17:08:03,8032.71,Reload,
96,1994-07-09 19:08:00,610.75,Withdraw,
24,1987-03-22 23:10:05,449.64,Buy,263
31,1998-07-10 14:19:24,1468.33,Buy,979
8,2012-12-21 09:45:15,5348.87,Withdraw,
79,1971-11-11 14:27:24,2120.36,Withdraw,
52,2001-02-25 15:17:18,5893.88,Sell,522
