0,0,true,2023-07-05 12:57:35
1,28,true,2023-07-13 11:21:37
2,27,false,2023-09-28 02:12:18
3,95,false,2023-01-01 10:45:20
4,84,true,2022-12-31 16:15:12
5,82,false,2023-05-28 07:33:41
6,4,false,2023-09-22 09:57:34
7,44,false,2023-04-15 03:45:30
8,86,false,2023-07-07 02:38:32
9,26,false,2023-11-05 03:27:02
10,61,true,2023-03-10 13:44:35
11,54,false,2023-04-30 01:26:45
12,96,true,2023-10-22 15:52:19
13,95,false,2023-04-09 02:19:39
14,36,false,2023-11-12 08:51:18
15,13,true,2023-08-10 23:16:51
16,26,true,2023-06-04 09:41:21
17,68,true,2023-02-26 09:40:30
18,14,true,2023-10-30 02:44:57
19,92,true,2022-12-24 14:01:29
20,35,false,2023-09-27 21:30:36
21,56,false,2023-12-04 16:52:44
22,6,true,2023-11-01 13:57:55
23,87,true,2023-05-23 12:04:33
24,44,false,2023-08-01 00:52:25
25,39,false,2023-09-09 08:25:11
26,56,true,2022-12-14 19:59:04
27,43,false,2023-12-02 14:09:30
28,75,false,2023-06-29 18:22:01
29,42,true,2023-02-11 18:22:35
30,14,false,2023-04-17 09:00:28
31,51,true,2023-11-23 10:04:58
32,73,false,2023-02-03 12:09:04
33,24,false,2023-01-31 20:15:09
34,8,true,2023-03-31 12:18:13
35,25,false,2023-07-15 20:15:55
36,82,true,2023-10-27 14:03:43
37,84,false,2023-07-18 02:01:45
38,88,false,2023-10-21 02:00:51
39,74,false,2023-01-10 17:29:37
40,4,true,2023-11-13 18:20:19
41,54,true,2023-10-19 19:34:24
42,28,false,2023-07-11 13:05:58
43,90,false,2023-09-28 04:17:07
44,34,false,2023-03-15 07:09:53
45,40,true,2023-11-29 08:36:09
46,44,true,2023-06-28 18:01:06
47,17,false,2023-08-17 22:51:41
48,20,true,2023-04-02 06:14:18
49,80,true,2023-08-19 20:43:15
50,25,false,2022-12-10 04:00:37
51,42,true,2022-12-21 07:32:40
52,58,true,2023-09-13 12:21:35
53,20,false,2023-11-21 04:01:12
54,30,false,2023-06-04 21:53:29
55,30,true,2023-04-27 19:37:21
56,56,true,2023-05-22 09:42:57
57,15,false,2023-06-14 05:19:07
58,78,true,2023-01-04 10:20:17
59,31,true,2023-02-22 21:57:16
60,6,false,2023-11-02 15:16:53
61,28,true,2023-01-07 13:20:36
62,39,false,2023-02-19 01:39:48
63,11,false,2023-04-24 04:17:45
64,18,false,2023-09-17 18:00:17
65,29,false,2023-03-27 06:33:22
66,57,true,2023-09-30 00:14:49
67,92,true,2023-08-03 07:59:57
68,77,true,2023-02-24 13:39:50
69,60,true,2023-07-29 20:44:16
70,53,false,2023-07-25 05:05:28
71,29,false,2023-09-28 11:53:24
72,9,true,2023-01-26 15:03:09
73,40,false,2023-02-06 16:02:50
74,53,false,2023-05-09 21:33:16
75,42,false,2023-01-01 07:47:54
76,10,true,2023-06-23 18:59:32
77,0,true,2023-03-09 22:19:15
78,24,true,2023-04-13 10:46:43
79,59,false,2023-10-15 01:57:25
80,16,false,2023-06-13 09:54:22
81,40,false,2023-02-06 11:28:01
82,64,false,2023-10-18 16:12:25
83,78,true,2023-05-28 16:29:36
84,32,true,2023-09-07 01:11:03
85,58,false,2023-08-14 16:05:02
86,15,false,2023-04-21 13:53:21
87,61,true,2023-04-19 10:07:54
88,27,true,2023-01-28 09:29:50
89,52,false,2023-09-03 15:05:39
90,22,false,2023-04-16 17:16:48
91,93,false,2023-02-07 05:00:57
92,75,false,2022-12-07 08:33:53
93,22,false,2023-11-12 06:44:59
94,89,true,2022-12-25 03:36:31
95,97,true,2022-12-28 16:34:54
96,16,false,2023-08-09 13:09:46
97,68,false,2023-02-23 21:36:01
98,67,true,2023-11-23 10:15:54
99,16,false,2023-04-12 16:57:19
100,32,true,2022-12-08 06:05:48
101,19,true,2023-04-12 09:16:51
102,26,true,2023-02-09 22:31:32
103,35,false,2023-04-04 04:35:14
104,26,true,2023-07-08 09:07:13
105,25,false,2023-06-21 19:11:54
106,44,true,2022-12-14 07:55:52
107,76,true,2023-09-19 04:37:21
108,18,false,2023-07-06 06:17:20
109,52,true,2023-06-27 11:58:49
110,91,false,2023-12-04 08:20:09
111,30,true,2023-09-03 13:05:19
112,31,true,2022-12-28 00:48:24
113,9,true,2023-02-26 14:40:42
114,19,false,2023-07-01 02:51:27
115,26,true,2023-04-03 00:46:25
116,70,true,2023-10-01 00:02:04
117,38,true,2023-04-15 21:36:09
118,93,true,2023-06-01 12:45:20
119,23,false,2022-12-26 07:45:57
120,7,false,2023-01-09 21:08:52
121,19,false,2023-02-16 19:54:43
122,89,false,2023-10-22 14:22:55
123,92,true,2023-06-26 21:28:01
124,61,true,2023-11-24 03:23:03
125,62,true,2023-11-26 16:26:57
126,96,true,2023-08-12 05:59:45
127,39,true,2023-04-04 13:09:56
128,25,false,2023-01-02 03:55:31
129,46,true,2023-04-28 08:52:17
130,95,false,2023-11-11 18:57:10
131,0,false,2023-01-02 10:22:19
132,54,false,2023-02-05 07:40:18
133,39,false,2022-12-15 23:48:09
134,2,true,2023-06-01 06:31:59
135,99,true,2023-04-21 16:54:09
136,17,true,2023-01-07 10:11:54
137,94,true,2023-04-28 17:10:00
138,4,false,2023-05-06 19:58:41
139,25,true,2023-02-23 22:23:04
140,92,true,2023-09-18 19:25:11
141,17,false,2023-03-01 19:03:25
142,64,true,2023-11-18 09:27:53
143,32,true,2023-06-08 08:00:36
144,49,true,2023-06-27 01:10:13
145,6,true,2023-04-26 04:25:45
146,49,true,2023-02-14 03:07:18
147,34,false,2023-06-18 23:46:24
148,8,false,2023-02-13 05:34:18
149,12,false,2023-12-01 07:25:41
150,85,true,2023-02-11 23:22:34
151,85,false,2023-01-24 06:44:54
152,84,false,2023-05-25 17:09:38
153,39,true,2023-01-03 23:02:11
154,16,true,2022-12-24 14:15:59
155,60,true,2023-09-22 08:22:13
156,0,false,2023-08-12 06:51:53
157,66,false,2023-09-01 06:17:57
158,69,false,2023-01-03 03:03:44
159,85,false,2023-06-07 02:24:13
160,43,false,2023-08-26 23:02:59
161,57,true,2023-04-11 03:10:18
162,76,false,2023-10-23 21:16:58
163,6,false,2023-11-03 15:25:54
164,23,true,2023-04-13 23:11:06
165,14,true,2023-08-13 10:03:36
166,58,false,2023-08-02 05:16:28
167,37,false,2023-02-03 15:35:43
168,31,true,2023-06-08 12:02:02
169,15,false,2023-05-28 05:22:39
170,25,true,2023-02-15 18:48:56
171,93,true,2023-08-28 12:20:50
172,17,true,2023-02-12 23:10:36
173,94,false,2023-06-20 09:02:51
174,80,false,2023-07-21 12:35:10
175,65,false,2023-03-12 02:13:32
176,45,false,2023-09-26 21:43:58
177,11,false,2023-10-26 08:59:48
178,85,false,2023-05-06 01:25:46
179,73,false,2023-10-31 15:01:04
180,18,true,2023-08-02 03:24:41
181,43,false,2023-10-03 01:08:05
182,23,false,2023-02-18 07:59:47
183,99,false,2023-06-29 09:52:12
184,31,false,2023-01-17 10:05:22
185,21,true,2023-04-06 22:12:11
186,4,false,2023-01-27 08:09:45
187,68,true,2023-09-16 21:10:47
188,20,true,2023-10-27 08:12:08
189,58,true,2022-12-17 14:04:05
190,44,true,2023-10-26 09:06:27
191,92,false,2023-01-13 00:25:02
192,95,false,2023-06-03 10:59:21
193,55,false,2023-02-24 06:07:09
194,75,true,2023-03-25 07:40:20
195,5,true,2023-05-27 14:05:51
196,82,false,2023-11-24 04:31:46
197,74,true,2023-11-07 10:37:10
198,53,false,2022-12-18 01:38:25
199,58,true,2023-06-24 18:35:20
200,51,true,2023-11-02 10:02:43
201,38,false,2022-12-08 13:16:49
202,72,true,2023-02-07 17:34:09
203,62,false,2023-06-07 10:26:32
204,24,false,2023-02-14 07:22:21
205,33,true,2023-08-16 06:43:07
206,36,true,2023-11-25 11:56:46
207,89,true,2023-05-20 22:47:09
208,81,true,2023-01-05 03:00:10
209,46,false,2023-03-13 02:49:58
210,35,false,2022-12-05 02:04:48
211,81,true,2023-10-17 18:48:40
212,79,true,2022-12-08 01:28:17
213,78,false,2023-08-08 15:39:12
214,43,false,2023-05-07 08:18:48
215,26,true,2023-05-24 09:06:24
216,56,false,2023-07-05 22:30:55
217,58,true,2023-11-26 09:46:57
218,47,true,2023-01-12 02:36:11
219,68,false,2023-04-06 21:54:00
220,75,false,2023-02-04 14:16:47
221,33,true,2023-03-19 11:29:09
222,68,false,2023-10-01 03:04:14
223,4,true,2023-04-08 03:39:08
224,77,false,2023-11-23 17:08:51
225,9,false,2023-09-30 16:41:52
226,78,true,2023-11-28 04:31:25
227,43,false,2023-01-24 06:14:55
228,36,true,2023-08-19 21:52:45
229,27,true,2023-08-26 22:21:21
230,40,false,2023-08-18 16:23:48
231,40,false,2023-06-11 11:23:58
232,19,false,2022-12-12 12:00:58
233,60,false,2023-03-13 11:53:14
234,35,true,2023-08-22 02:51:56
235,76,true,2023-04-19 14:25:43
236,66,true,2023-03-12 13:58:23
237,32,true,2023-05-29 00:11:40
238,45,false,2023-05-03 02:08:32
239,60,false,2023-07-21 01:44:39
240,81,false,2023-03-04 02:02:52
241,93,false,2023-01-01 04:09:25
242,41,true,2023-01-19 10:40:31
243,37,false,2023-07-05 19:35:58
244,83,false,2023-08-29 20:04:51
245,13,false,2023-09-05 13:51:33
246,94,true,2023-06-26 09:33:17
247,2,false,2023-07-18 04:59:06
248,79,false,2023-04-24 00:05:36
249,99,false,2023-09-23 14:18:14
250,30,true,2023-07-06 12:06:42
251,84,true,2023-02-27 00:25:07
252,82,false,2023-02-15 12:15:53
253,51,false,2023-06-16 01:58:06
254,8,true,2022-12-15 15:13:54
255,90,false,2023-03-27 12:40:41
256,29,false,2023-10-30 18:53:36
257,91,true,2023-08-24 04:41:49
258,64,true,2022-12-10 21:09:34
259,50,false,2023-09-22 09:01:12
260,76,true,2023-11-22 12:20:16
261,13,true,2023-03-13 19:19:19
262,0,true,2023-10-31 18:07:13
263,2,false,2023-09-23 19:01:29
264,33,false,2023-06-19 04:14:52
265,67,true,2023-09-28 13:10:19
266,29,false,2023-08-09 23:41:57
267,69,false,2023-08-24 06:02:52
268,82,false,2023-03-13 20:00:39
269,52,false,2023-07-02 16:34:08
270,86,true,2023-04-18 12:01:56
271,82,true,2023-01-01 16:59:45
272,45,false,2023-08-03 15:56:25
273,33,true,2023-02-21 04:41:23
274,98,false,2023-02-22 01:42:56
275,10,false,2023-05-14 04:47:31
276,9,false,2023-05-26 22:13:35
277,98,false,2023-06-26 18:26:15
278,39,false,2023-04-20 15:14:06
279,40,true,2023-01-26 09:09:55
280,91,true,2023-03-24 00:47:10
281,90,false,2023-04-17 14:06:44
282,46,false,2023-03-18 07:21:14
283,42,false,2023-06-30 12:32:32
284,69,true,2023-08-31 05:55:13
285,42,true,2023-06-10 03:10:21
286,40,true,2023-03-10 13:15:17
287,66,true,2023-09-23 19:08:11
288,51,true,2023-03-12 13:34:31
289,65,true,2022-12-12 03:11:29
290,74,true,2023-09-21 01:18:52
291,91,false,2023-11-16 03:02:51
292,54,true,2023-10-15 13:29:52
293,12,false,2023-10-07 16:00:34
294,3,false,2023-03-08 20:41:24
295,71,false,2023-09-06 01:46:13
296,43,true,2023-08-08 02:34:00
297,46,false,2023-02-04 20:18:54
298,75,false,2023-02-03 10:08:15
299,41,false,2023-05-26 00:45:43
300,16,false,2023-04-01 00:28:06
301,35,true,2023-10-28 15:17:22
302,30,false,2023-08-26 06:19:41
303,47,false,2023-04-29 02:26:38
304,44,false,2023-12-02 09:58:03
305,32,false,2023-05-14 20:57:11
306,24,false,2022-12-31 17:17:42
307,83,true,2023-07-23 23:03:24
308,8,true,2023-05-03 01:41:07
309,61,true,2023-02-25 08:14:07
310,49,false,2023-10-03 10:48:33
311,76,true,2023-01-20 17:48:03
312,9,false,2023-11-13 02:06:06
313,19,false,2023-06-21 02:29:09
314,56,true,2023-02-16 09:57:48
315,55,false,2023-02-10 17:27:34
316,82,true,2023-03-09 16:02:07
317,51,true,2023-02-12 10:00:25
318,76,true,2023-06-18 11:34:35
319,54,false,2023-07-18 10:18:52
320,41,true,2023-04-11 08:53:22
321,3,false,2023-03-03 02:52:25
322,11,false,2023-12-04 20:17:17
323,84,true,2023-01-31 20:58:04
324,78,true,2023-07-03 00:50:31
325,38,true,2022-12-22 04:00:42
326,67,true,2023-06-25 00:39:34
327,57,true,2023-01-15 18:42:05
328,34,true,2023-05-26 16:44:12
329,42,true,2023-06-12 11:24:19
330,24,false,2023-05-29 17:03:57
331,25,false,2023-09-29 07:11:52
332,45,true,2023-01-14 09:10:53
333,38,false,2023-03-19 11:33:15
334,43,true,2023-07-04 21:09:21
335,91,false,2023-10-30 15:16:26
336,77,false,2023-07-14 11:05:31
337,94,false,2023-09-02 16:21:47
338,30,true,2023-06-23 23:06:38
339,68,true,2023-06-29 04:28:24
340,71,true,2023-04-26 09:56:08
341,48,false,2023-01-21 11:46:08
342,84,false,2023-11-28 04:05:07
343,61,true,2023-07-03 01:40:57
344,92,false,2023-11-15 09:41:09
345,70,true,2022-12-26 17:13:37
346,43,false,2023-04-07 15:49:23
347,20,true,2023-02-15 10:16:00
348,62,false,2023-01-10 09:16:35
349,45,true,2023-01-09 02:00:00
350,37,true,2023-08-23 20:51:09
351,54,false,2023-06-22 21:31:44
352,45,false,2023-04-11 00:32:47
353,61,true,2023-02-23 11:37:23
354,92,false,2023-03-13 10:50:35
355,65,true,2023-08-20 06:01:23
356,2,false,2023-02-13 01:56:31
357,76,false,2023-01-23 16:19:00
358,61,false,2023-02-01 09:57:55
359,85,true,2023-01-13 21:09:59
360,43,true,2023-01-16 16:27:15
361,22,true,2023-09-18 02:16:08
362,95,false,2023-11-18 16:04:15
363,79,true,2023-08-05 01:54:58
364,89,false,2023-10-21 14:08:44
365,73,true,2022-12-22 20:44:24
366,13,false,2023-04-12 09:47:10
367,12,true,2023-11-06 10:49:15
368,92,true,2023-05-06 16:21:04
369,63,false,2023-05-21 01:38:26
370,60,false,2023-10-31 15:46:45
371,7,false,2023-05-05 09:56:01
372,97,true,2023-06-15 06:33:39
373,94,false,2022-12-23 03:00:40
374,19,false,2023-06-24 14:59:32
375,77,false,2023-09-13 00:33:51
376,48,true,2023-01-20 17:39:50
377,51,true,2023-08-20 15:59:06
378,10,false,2023-11-25 08:26:56
379,58,false,2023-07-05 17:18:35
380,7,true,2023-04-21 18:59:57
381,6,false,2023-04-18 02:33:42
382,20,false,2023-01-09 12:39:14
383,90,false,2023-04-18 15:59:28
384,33,false,2023-05-10 02:39:48
385,42,false,2023-01-19 01:00:09
386,30,false,2023-08-17 23:47:29
387,26,true,2023-03-04 03:39:27
388,10,true,2023-11-19 11:05:36
389,30,true,2023-11-10 05:20:15
390,82,true,2023-02-27 09:23:50
391,88,true,2023-05-10 06:41:29
392,86,false,2023-04-26 18:48:58
393,7,false,2023-02-15 12:52:59
394,6,false,2023-02-09 01:48:01
395,81,false,2023-05-24 22:19:36
396,58,false,2023-03-20 12:33:28
397,41,false,2023-04-14 05:22:59
398,49,false,2023-08-05 16:21:28
399,70,true,2023-12-02 02:25:05
400,39,false,2023-09-26 15:47:48
401,97,true,2023-06-30 04:33:32
402,8,true,2023-08-31 16:18:22
403,9,false,2023-08-13 12:18:28
404,15,false,2023-04-05 23:15:47
405,39,true,2023-09-21 10:08:40
406,21,true,2023-06-18 10:01:07
407,90,true,2023-03-01 15:14:29
408,54,true,2023-08-09 05:33:26
409,23,true,2023-09-04 02:15:31
410,54,true,2023-07-01 04:03:43
411,90,false,2023-09-08 15:45:15
412,99,true,2023-01-13 01:22:15
413,12,false,2023-07-20 09:45:44
414,68,false,2023-02-04 06:55:28
415,2,false,2023-06-08 23:11:45
416,69,true,2023-05-21 22:30:18
417,65,true,2023-10-21 22:13:03
418,69,true,2023-02-04 06:46:04
419,5,true,2023-09-14 04:10:02
420,14,true,2023-09-16 00:48:53
421,31,false,2023-02-03 00:26:58
422,74,true,2023-08-10 23:00:28
423,98,true,2023-05-15 16:36:45
424,76,true,2023-11-02 07:55:09
425,35,true,2023-08-22 23:08:51
426,81,true,2023-05-25 09:48:08
427,61,false,2022-12-24 04:26:56
428,2,false,2023-07-16 17:42:47
429,36,false,2023-10-30 15:37:01
430,56,true,2023-01-24 13:11:54
431,45,false,2023-07-02 22:23:57
432,55,true,2023-04-27 23:49:00
433,10,true,2023-11-26 19:54:18
434,66,true,2023-09-13 15:58:15
435,83,false,2023-01-26 23:33:20
436,6,true,2023-07-18 22:21:51
437,16,false,2023-12-04 23:14:00
438,95,true,2023-07-16 01:14:36
439,76,true,2023-10-31 00:28:17
440,37,true,2023-08-21 16:05:30
441,3,false,2023-10-18 20:16:59
442,55,false,2023-02-10 15:17:10
443,33,true,2022-12-08 04:13:41
444,66,false,2023-10-15 18:46:19
445,7,true,2023-03-08 12:18:44
446,87,true,2023-09-07 18:51:27
447,2,false,2023-09-28 20:26:08
448,28,false,2023-05-04 23:56:28
449,62,true,2023-05-31 13:08:32
450,10,false,2023-04-21 08:00:10
451,79,true,2023-06-27 11:15:38
452,94,true,2023-01-11 04:13:19
453,90,true,2023-10-31 15:47:50
454,30,false,2023-04-19 12:13:13
455,87,false,2023-02-10 07:48:02
456,83,false,2023-10-04 05:25:41
457,15,false,2023-04-19 18:43:36
458,36,true,2023-01-07 22:32:14
459,7,false,2023-09-26 09:05:24
460,9,true,2023-06-18 13:58:23
461,42,true,2023-01-27 00:46:30
462,37,false,2023-10-19 17:12:10
463,45,false,2023-07-18 21:42:45
464,40,true,2023-08-24 08:47:45
465,73,true,2023-11-30 18:28:06
466,91,false,2023-11-22 05:15:56
467,97,true,2022-12-05 04:52:10
468,97,true,2023-06-13 23:08:04
469,56,false,2023-02-13 21:05:48
470,8,true,2023-07-17 13:16:56
471,10,true,2023-02-21 05:36:49
472,44,true,2023-10-16 10:02:41
473,38,false,2023-10-28 04:06:28
474,32,true,2023-10-20 14:30:15
475,59,true,2023-01-13 17:14:19
476,39,false,2023-09-10 12:52:02
477,78,false,2023-11-14 08:10:48
478,42,false,2023-10-02 14:26:01
479,42,false,2023-06-14 08:10:22
480,32,false,2023-11-05 11:08:32
481,62,false,2023-03-23 19:50:35
482,84,false,2022-12-29 18:44:15
483,97,false,2023-11-08 19:13:52
484,74,false,2023-02-16 14:38:21
485,36,false,2023-11-04 14:59:43
486,27,false,2023-08-22 22:34:20
487,78,false,2023-06-13 23:30:36
488,33,true,2023-07-04 19:34:24
489,0,false,2023-02-08 04:17:24
490,19,false,2023-07-09 19:51:08
491,88,false,2023-08-02 20:16:37
492,65,false,2022-12-10 13:21:58
493,1,false,2023-04-13 10:40:37
494,79,true,2023-06-16 13:10:20
495,72,true,2023-10-31 05:02:58
496,67,false,2023-10-24 10:54:59
497,59,true,2023-05-28 08:06:04
498,79,false,2023-06-27 11:07:14
499,57,true,2023-10-23 16:29:31
500,89,false,2023-07-16 03:33:52
501,84,false,2023-11-24 04:57:41
502,20,false,2023-04-25 16:34:12
503,2,false,2023-06-06 03:28:26
504,42,false,2023-02-04 00:03:29
505,59,false,2023-02-16 00:59:38
506,4,true,2023-04-26 18:12:37
507,82,true,2023-01-26 04:35:07
508,42,true,2023-03-30 04:57:25
509,19,false,2023-03-31 06:30:01
510,75,true,2023-03-18 21:39:46
511,66,true,2023-06-14 19:58:37
512,80,false,2023-09-17 10:49:23
513,53,false,2022-12-24 13:50:47
514,21,false,2023-03-18 15:48:27
515,97,false,2023-07-08 04:39:46
516,15,false,2023-06-20 11:04:42
517,95,false,2023-09-13 04:28:50
518,80,false,2023-07-30 13:24:35
519,11,true,2023-09-19 00:02:16
520,76,true,2023-04-14 10:27:51
521,96,false,2023-01-12 05:44:11
522,34,false,2023-02-06 00:03:37
523,47,true,2023-02-04 02:30:02
524,79,true,2022-12-08 09:16:45
525,9,true,2022-12-08 03:32:33
526,80,true,2023-05-26 05:23:04
527,93,true,2023-11-17 03:55:06
528,54,false,2023-02-03 13:11:28
529,90,true,2023-10-24 13:35:48
530,74,false,2023-10-29 06:27:34
531,78,false,2022-12-05 13:52:49
532,23,false,2023-12-02 17:09:17
533,69,true,2023-03-17 06:43:28
534,23,true,2023-08-25 08:25:57
535,56,true,2023-05-18 04:24:19
536,42,false,2023-04-19 22:58:43
537,50,false,2023-10-04 12:57:44
538,10,false,2023-10-21 12:47:16
539,86,true,2023-09-04 18:52:53
540,29,true,2023-06-13 02:03:22
541,65,true,2023-02-17 03:23:53
542,0,false,2023-10-26 17:18:18
543,8,false,2023-05-30 23:01:22
544,32,true,2023-09-03 00:48:14
545,25,true,2022-12-06 01:51:38
546,74,false,2023-07-25 05:44:30
547,66,false,2023-09-11 12:21:29
548,72,false,2023-06-24 06:54:07
549,96,false,2023-08-27 21:04:58
550,78,true,2023-08-17 05:03:11
551,33,true,2023-12-03 22:10:48
552,71,false,2023-01-26 05:48:00
553,4,true,2023-07-24 17:04:42
554,90,false,2023-06-02 02:55:57
555,74,true,2023-05-18 06:14:39
556,95,false,2022-12-27 12:47:50
557,30,false,2023-08-29 21:38:50
558,64,false,2023-04-20 17:46:37
559,26,true,2023-02-26 13:27:07
560,29,false,2023-03-04 22:18:40
561,1,false,2023-04-28 02:43:56
562,7,true,2023-10-19 07:50:52
563,81,false,2023-10-08 16:38:53
564,41,true,2023-06-22 17:59:28
565,15,true,2022-12-27 21:10:41
566,7,true,2023-03-31 06:19:49
567,36,true,2022-12-29 18:05:04
568,52,true,2023-02-18 05:13:56
569,44,true,2023-09-17 20:52:23
570,59,true,2023-04-02 18:56:40
571,67,false,2023-08-31 00:53:36
572,88,true,2023-10-25 03:39:00
573,71,true,2023-08-20 10:51:30
574,22,false,2023-10-04 20:17:29
575,86,false,2023-05-21 09:16:15
576,16,true,2023-02-09 12:42:22
577,39,false,2023-01-04 21:23:33
578,29,true,2023-03-13 03:16:20
579,39,true,2023-09-17 05:59:38
580,4,true,2023-01-26 11:00:27
581,81,true,2023-03-24 15:31:32
582,89,true,2023-08-03 13:00:09
583,56,true,2023-02-22 17:23:06
584,78,true,2023-05-23 11:54:56
585,97,false,2023-10-30 17:03:21
586,91,true,2023-11-03 15:17:22
587,20,false,2023-06-10 08:41:16
588,84,true,2023-06-30 06:20:21
589,41,true,2023-02-28 19:20:37
590,82,false,2022-12-10 13:52:18
591,78,true,2023-06-29 12:18:10
592,70,true,2023-10-04 11:33:33
593,66,false,2023-03-09 16:24:30
594,54,false,2023-06-14 22:26:49
595,19,false,2023-07-18 06:01:16
596,29,false,2023-01-15 05:56:19
597,27,true,2023-11-13 10:26:15
598,69,false,2023-04-02 09:38:40
599,60,false,2022-12-16 06:00:18
600,67,true,2023-12-03 17:54:12
601,32,true,2023-05-13 20:32:54
602,68,true,2023-03-15 12:52:13
603,56,true,2023-01-29 16:49:12
604,42,true,2023-10-09 21:06:46
605,5,true,2023-01-17 05:42:27
606,56,false,2023-05-17 17:12:22
607,27,false,2023-03-07 18:42:02
608,30,true,2022-12-05 22:28:45
609,44,true,2023-06-20 09:16:02
610,38,true,2023-11-17 05:33:41
611,65,false,2023-10-24 02:10:16
612,19,true,2023-10-15 11:29:18
613,26,false,2023-01-09 11:13:14
614,95,true,2023-09-11 06:29:34
615,25,false,2022-12-16 03:31:06
616,49,true,2023-10-04 06:40:43
617,96,false,2023-02-16 17:00:34
618,94,false,2023-02-11 00:25:59
619,24,false,2023-07-22 15:56:00
620,45,true,2023-08-09 00:18:42
621,54,false,2023-09-04 21:37:18
622,5,false,2023-01-14 22:07:02
623,23,false,2023-04-11 18:44:47
624,71,true,2023-11-28 07:29:48
625,12,false,2023-03-28 11:37:12
626,52,true,2023-07-22 22:53:10
627,69,false,2023-03-18 10:39:30
628,57,true,2023-11-05 06:39:10
629,12,true,2023-09-02 02:15:52
630,51,false,2023-08-29 11:28:34
631,48,false,2023-04-12 18:42:11
632,91,false,2023-10-10 06:16:03
633,93,true,2023-11-29 04:51:13
634,98,false,2023-03-16 11:51:15
635,22,true,2023-05-13 09:17:50
636,55,false,2023-05-19 02:09:57
637,14,true,2023-04-30 00:59:24
638,41,false,2023-06-29 12:38:48
639,3,false,2023-09-10 17:32:46
640,86,false,2023-06-21 07:56:59
641,8,false,2023-01-26 07:25:01
642,60,false,2022-12-10 12:27:12
643,96,true,2023-10-17 12:07:05
644,21,true,2022-12-09 21:01:57
645,9,false,2022-12-26 10:46:22
646,33,true,2023-05-02 07:05:05
647,61,true,2023-07-08 02:05:55
648,94,true,2023-08-14 19:44:37
649,76,true,2023-02-06 23:04:23
650,94,true,2023-05-29 04:13:56
651,43,false,2023-08-03 12:55:19
652,64,true,2023-11-17 00:34:27
653,8,true,2022-12-24 07:23:36
654,6,false,2023-09-06 21:49:58
655,15,false,2023-03-06 09:04:56
656,2,false,2023-09-18 15:17:44
657,13,true,2022-12-07 17:28:04
658,52,false,2023-08-15 15:05:45
659,90,false,2023-02-13 18:33:08
660,81,false,2023-05-07 07:13:16
661,25,true,2023-02-11 11:42:55
662,9,false,2023-08-01 20:25:54
663,28,false,2023-11-18 17:40:25
664,83,true,2023-04-02 21:40:00
665,8,true,2023-05-05 16:46:08
666,65,true,2023-11-17 14:02:35
667,24,true,2023-09-11 05:22:37
668,74,false,2023-08-26 19:59:37
669,91,true,2022-12-20 11:08:03
670,27,true,2023-10-21 09:06:19
671,96,false,2023-10-07 20:19:19
672,95,false,2023-05-05 09:00:51
673,88,false,2023-11-17 02:48:10
674,24,true,2023-02-26 20:54:31
675,41,true,2023-04-02 18:10:08
676,45,false,2023-07-29 10:18:12
677,50,true,2023-07-29 19:38:14
678,38,false,2023-10-17 14:26:23
679,54,false,2023-11-22 11:59:07
680,13,true,2023-10-18 08:15:35
681,88,true,2023-07-30 18:12:53
682,58,false,2023-02-24 06:15:23
683,87,false,2023-05-02 19:32:02
684,5,false,2023-07-17 02:56:15
685,15,true,2023-08-10 02:04:12
686,70,true,2023-02-07 06:27:50
687,5,false,2023-08-22 14:48:44
688,70,false,2022-12-10 01:29:12
689,53,false,2023-03-05 18:21:58
690,38,false,2023-11-15 04:44:46
691,96,true,2023-06-24 10:01:57
692,42,true,2023-07-27 22:44:04
693,84,false,2023-04-23 16:04:57
694,9,false,2023-09-29 04:18:40
695,11,false,2023-09-19 12:35:32
696,38,false,2023-05-13 02:07:45
697,11,true,2023-07-06 09:39:03
698,38,false,2023-05-20 08:57:35
699,98,false,2023-05-02 11:27:25
700,59,false,2023-11-01 08:10:59
701,34,true,2023-03-05 15:46:08
702,92,true,2022-12-23 23:05:11
703,8,false,2022-12-24 23:44:11
704,11,true,2023-02-28 03:09:58
705,52,false,2023-08-05 17:01:46
706,49,false,2023-05-18 09:18:50
707,87,false,2023-02-22 02:24:59
708,90,true,2023-06-12 19:55:14
709,10,true,2023-06-04 14:12:07
710,2,false,2023-03-19 00:38:34
711,40,false,2023-01-11 12:18:26
712,68,false,2023-09-07 17:10:07
713,54,true,2023-12-03 06:15:07
714,66,true,2023-10-25 21:11:33
715,18,true,2023-07-30 02:12:05
716,34,false,2023-02-02 08:13:18
717,83,false,2023-03-16 10:35:45
718,4,false,2023-09-22 02:01:25
719,9,true,2023-08-10 23:38:24
720,94,false,2023-07-13 21:30:48
721,53,false,2023-01-13 00:39:22
722,30,true,2023-02-25 05:37:15
723,54,true,2023-05-04 12:21:18
724,27,true,2022-12-09 11:29:46
725,56,true,2023-08-26 14:02:47
726,77,false,2023-09-15 12:23:32
727,2,true,2022-12-28 03:27:23
728,87,false,2023-05-10 15:02:41
729,89,true,2022-12-20 13:46:28
730,17,false,2022-12-17 12:24:43
731,77,false,2023-01-02 05:35:59
732,94,true,2023-02-26 22:04:14
733,17,false,2022-12-27 13:14:06
734,81,true,2023-11-14 09:47:19
735,77,false,2023-05-26 05:56:01
736,73,false,2022-12-05 04:08:05
737,26,true,2023-10-18 04:55:03
738,39,false,2023-03-05 08:21:21
739,68,false,2023-05-24 19:06:07
740,50,true,2023-08-14 01:36:19
741,13,false,2023-10-13 15:09:32
742,33,false,2023-09-14 05:08:52
743,78,false,2023-08-29 23:46:44
744,20,false,2023-04-21 08:14:37
745,85,true,2023-02-17 10:15:00
746,42,true,2023-09-15 20:44:30
747,68,false,2023-10-18 18:40:04
748,65,false,2023-11-07 13:09:47
749,5,true,2023-01-28 08:30:30
750,73,false,2023-02-21 04:59:33
751,73,false,2023-11-24 16:24:31
752,23,true,2023-04-04 09:40:06
753,46,true,2023-09-16 20:41:52
754,52,false,2023-03-08 20:42:09
755,16,true,2023-03-30 18:32:06
756,26,false,2023-05-08 13:23:51
757,55,true,2023-09-19 06:28:29
758,18,false,2023-11-14 10:29:33
759,74,false,2023-11-15 02:17:33
760,36,false,2023-11-19 09:23:56
761,34,true,2023-11-14 13:12:15
762,4,true,2023-06-24 03:48:45
763,33,true,2022-12-14 04:04:59
764,78,true,2023-08-13 01:20:49
765,40,true,2023-03-08 01:18:25
766,57,false,2023-07-15 02:26:29
767,15,true,2023-06-15 21:50:19
768,68,false,2023-10-02 16:25:53
769,40,true,2022-12-19 09:05:04
770,46,true,2023-02-16 20:55:29
771,55,false,2023-01-10 14:36:48
772,13,false,2022-12-17 05:05:41
773,43,true,2023-10-29 18:34:20
774,9,false,2023-11-03 18:48:32
775,5,true,2023-07-11 04:56:22
776,29,true,2023-06-18 18:47:38
777,52,false,2023-07-24 04:19:30
778,78,false,2023-12-02 21:17:27
779,88,false,2023-04-12 04:34:44
780,73,true,2022-12-28 17:24:00
781,28,true,2023-07-08 11:49:20
782,37,false,2023-01-18 07:09:37
783,68,true,2023-08-19 20:45:06
784,14,false,2023-10-16 22:12:44
785,84,false,2022-12-25 11:12:43
786,65,false,2022-12-27 16:05:53
787,64,false,2023-12-04 13:44:32
788,60,false,2023-06-24 19:56:04
789,46,false,2023-05-30 02:52:40
790,26,true,2023-03-17 02:41:29
791,50,true,2023-03-09 04:22:19
792,47,false,2023-05-04 11:40:47
793,99,false,2023-06-05 19:45:15
794,18,true,2023-06-19 07:05:22
795,16,true,2023-05-29 04:08:24
796,84,true,2022-12-12 02:54:32
797,76,true,2023-09-24 13:51:47
798,54,false,2023-09-01 23:33:04
799,15,false,2023-11-28 07:37:43
800,26,false,2023-08-13 16:53:16
801,81,false,2022-12-09 13:50:20
802,27,false,2023-10-22 08:31:51
803,28,false,2023-04-20 21:42:22
804,4,false,2023-01-17 04:21:27
805,51,false,2023-09-07 16:15:28
806,24,true,2023-08-26 17:59:10
807,18,true,2023-11-25 03:01:15
808,22,false,2023-09-09 20:50:42
809,5,true,2023-11-11 06:42:11
810,51,true,2023-11-16 21:21:38
811,24,true,2023-11-02 21:20:05
812,99,true,2023-07-05 01:39:42
813,21,false,2023-07-29 17:32:03
814,64,false,2023-01-02 23:53:09
815,99,true,2023-07-13 02:55:15
816,94,true,2023-05-21 01:54:16
817,14,false,2023-07-08 03:37:58
818,97,false,2023-04-04 15:12:37
819,37,false,2023-10-04 08:37:52
820,0,false,2023-09-15 18:15:00
821,73,false,2023-09-23 18:06:44
822,50,true,2023-09-04 00:34:51
823,24,true,2023-04-23 00:36:58
824,22,false,2023-05-11 21:17:04
825,8,false,2023-09-20 19:50:48
826,68,false,2023-02-17 23:45:49
827,73,true,2023-03-31 12:39:40
828,20,true,2023-05-03 13:20:24
829,49,false,2023-10-29 14:48:33
830,42,false,2023-09-29 13:34:31
831,92,true,2023-07-13 09:47:24
832,34,false,2023-07-14 22:28:08
833,5,false,2023-12-02 11:13:02
834,3,true,2023-02-26 12:08:19
835,34,true,2023-10-26 03:39:37
836,27,true,2023-02-02 06:10:06
837,48,false,2023-11-08 23:05:15
838,77,false,2023-12-04 19:54:48
839,66,false,2023-09-27 17:57:17
840,24,false,2023-11-23 05:00:36
841,93,false,2023-04-10 12:25:34
842,51,true,2023-06-17 23:12:00
843,49,false,2023-01-09 02:55:05
844,77,true,2023-08-18 15:22:50
845,90,true,2023-08-29 07:15:21
846,88,false,2023-02-11 01:50:59
847,29,true,2023-05-09 06:25:32
848,57,true,2023-04-18 05:18:38
849,53,false,2023-10-05 01:49:20
850,14,false,2023-06-11 18:58:57
851,37,false,2023-04-09 06:19:08
852,61,true,2023-09-25 19:09:33
853,77,true,2023-02-15 03:01:19
854,42,true,2023-06-07 12:15:02
855,21,false,2023-11-30 15:12:09
856,49,false,2023-05-03 20:52:26
857,32,true,2023-05-08 21:31:09
858,87,true,2023-06-10 05:19:33
859,65,false,2023-09-20 21:43:34
860,59,false,2023-11-30 10:06:32
861,5,true,2023-09-23 13:51:35
862,53,false,2023-09-01 03:44:26
863,15,true,2023-03-08 04:49:31
864,86,false,2023-05-31 23:19:15
865,22,false,2023-07-26 06:26:50
866,55,false,2023-06-15 21:08:54
867,18,false,2023-10-13 10:53:03
868,56,false,2023-01-25 04:42:01
869,59,true,2023-07-29 17:41:54
870,41,false,2023-09-15 11:24:21
871,35,true,2023-11-19 21:07:33
872,32,true,2023-07-05 22:38:30
873,84,true,2023-08-12 17:17:12
874,45,false,2023-05-06 20:36:01
875,57,false,2023-01-18 10:57:02
876,3,false,2023-06-14 10:48:37
877,40,true,2023-08-29 06:30:02
878,55,false,2023-07-31 20:21:40
879,96,true,2023-02-15 07:56:39
880,4,true,2023-10-30 14:47:55
881,17,true,2022-12-31 12:18:52
882,83,true,2023-09-28 07:53:20
883,57,false,2023-11-05 15:01:51
884,61,false,2023-07-29 14:57:18
885,43,false,2023-10-26 10:33:08
886,93,false,2022-12-28 04:08:21
887,95,true,2023-04-22 12:36:40
888,40,true,2023-05-13 05:55:04
889,7,true,2023-01-10 03:43:28
890,99,false,2023-03-15 19:10:15
891,31,true,2023-01-22 03:28:05
892,68,true,2023-10-18 15:46:28
893,51,true,2023-05-27 20:50:38
894,46,false,2022-12-05 21:48:09
895,81,true,2023-01-02 14:54:03
896,77,false,2023-08-30 17:46:04
897,89,true,2022-12-25 21:49:28
898,90,true,2023-07-29 01:43:47
899,68,false,2023-03-14 04:19:11
900,40,false,2023-05-14 11:38:52
901,91,false,2023-07-07 15:14:50
902,12,false,2023-10-28 00:58:52
903,83,false,2023-11-21 09:20:31
904,31,false,2023-11-19 08:54:04
905,56,true,2023-01-07 12:51:58
906,29,true,2023-11-16 21:09:43
907,73,false,2023-06-12 08:33:35
908,84,false,2023-01-15 13:38:51
909,45,false,2023-07-09 12:54:22
910,85,true,2023-08-12 06:02:53
911,79,false,2023-10-14 07:09:24
912,70,false,2023-10-25 18:54:45
913,95,false,2023-02-20 20:49:41
914,62,true,2023-09-06 06:21:26
915,75,false,2023-11-08 14:28:06
916,83,false,2023-10-12 19:09:11
917,69,false,2023-08-06 07:48:57
918,70,false,2023-08-21 16:04:17
919,48,true,2023-12-03 14:31:54
920,63,true,2023-11-02 15:17:03
921,99,true,2023-05-22 14:17:32
922,34,false,2023-10-21 19:46:31
923,95,false,2023-08-25 08:36:33
924,12,true,2023-08-22 13:14:53
925,6,true,2023-07-24 00:39:27
926,57,true,2023-08-01 09:07:46
927,54,false,2023-02-05 13:45:17
928,92,true,2023-03-27 06:32:01
929,45,true,2022-12-21 20:06:25
930,73,true,2023-10-19 20:53:19
931,7,true,2023-09-05 07:19:14
932,45,true,2023-08-05 15:36:21
933,2,false,2023-11-23 09:12:01
934,26,false,2023-11-13 00:47:09
935,32,true,2023-07-20 18:10:23
936,96,true,2023-10-31 13:59:08
937,60,true,2023-01-26 16:06:57
938,84,false,2023-05-10 18:47:46
939,15,true,2023-09-18 17:12:16
940,59,false,2023-04-02 01:33:56
941,16,false,2023-09-26 06:12:14
942,22,false,2023-08-09 11:21:50
943,92,false,2023-04-26 05:11:12
944,63,true,2023-08-06 00:57:36
945,42,true,2023-08-20 18:59:09
946,37,true,2022-12-17 22:52:21
947,81,false,2023-04-05 11:03:08
948,34,true,2023-11-14 13:08:07
949,91,false,2023-05-10 12:50:17
950,18,false,2023-06-11 12:08:11
951,93,false,2023-09-25 14:31:10
952,66,false,2023-01-28 08:22:30
953,63,true,2023-06-30 21:22:43
954,87,false,2023-04-17 00:38:37
955,22,false,2023-07-30 10:32:03
956,56,true,2023-11-27 09:59:16
957,28,true,2023-04-20 08:56:45
958,59,true,2023-04-29 09:14:37
959,24,true,2023-10-22 20:11:47
960,47,true,2022-12-08 08:25:12
961,94,false,2023-07-17 05:09:57
962,7,false,2023-05-07 15:40:04
963,70,true,2022-12-11 08:29:05
964,78,true,2023-06-10 18:01:04
965,44,false,2023-07-28 12:21:35
966,43,true,2023-06-25 23:51:29
967,72,true,2023-02-11 20:47:25
968,69,false,2023-06-02 12:18:15
969,85,false,2023-10-24 09:58:42
970,13,false,2023-04-11 20:43:10
971,3,true,2022-12-28 22:31:07
972,42,true,2023-08-27 00:41:46
973,72,true,2023-07-23 22:13:17
974,91,false,2023-10-25 23:50:57
975,58,true,2023-01-31 04:43:49
976,8,true,2023-04-02 04:34:22
977,34,false,2023-06-18 01:17:10
978,73,true,2023-07-21 01:12:09
979,0,false,2023-09-12 17:19:52
980,42,true,2023-05-30 18:08:41
981,6,false,2023-07-26 22:01:56
982,28,true,2023-02-21 11:11:50
983,92,true,2023-11-11 10:51:31
984,47,false,2023-11-02 21:34:27
985,73,true,2023-08-31 15:50:07
986,67,true,2023-09-21 16:13:15
987,78,false,2023-10-15 19:00:12
988,92,false,2023-11-25 18:26:09
989,90,false,2023-10-31 18:39:32
990,98,true,2023-11-15 20:11:04
991,33,true,2023-09-28 11:43:31
992,33,false,2023-02-25 12:39:18
993,87,true,2023-08-31 01:12:12
994,22,true,2023-11-26 02:53:59
995,63,false,2023-06-06 16:07:31
996,18,true,2023-08-22 22:02:50
997,77,false,2023-09-04 10:32:24
998,20,true,2023-11-09 19:15:35
999,56,true,2023-06-16 07:08:31
