81,64,2011-09-09 09:19:12
16,880,1989-11-15 01:50:59
47,525,1978-05-25 07:49:18
41,537,1987-08-28 07:23:40
9,323,1973-11-25 01:44:51
50,1325,2018-06-18 09:10:49
24,127,1988-11-11 18:20:28
67,780,2005-01-16 16:51:16
70,931,1997-07-24 02:18:01
61,399,1983-08-24 02:09:57
34,1074,1971-12-06 19:00:12
14,1191,1983-04-21 03:02:33
74,161,1977-02-04 22:45:39
76,1309,2014-07-24 21:28:06
5,611,2019-05-24 06:59:49
26,868,2013-05-06 11:57:59
78,1191,2012-02-25 01:26:25
77,285,2019-03-15 11:23:12
33,340,1989-07-10 16:25:07
14,379,2010-09-28 13:59:03
86,902,2003-03-27 23:54:30
1,490,1970-02-18 07:18:36
82,244,1989-09-11 10:15:01
96,227,2005-07-23 20:45:07
77,375,1997-12-11 13:01:14
40,539,1995-05-01 12:10:13
14,699,1973-09-08 03:09:22
86,1117,2003-05-10 11:17:42
27,445,1980-08-21 19:28:29
99,957,1983-07-20 12:32:12
54,1143,1970-01-20 20:17:49
51,1166,1976-02-09 16:15:44
37,296,1976-02-07 22:43:58
87,1028,2012-10-05 15:21:56
52,1174,2008-01-06 11:13:10
11,377,1979-05-26 14:11:26
9,1319,1975-04-08 11:04:09
84,261,2017-08-28 13:44:51
99,205,1992-11-30 01:29:20
95,880,2023-07-25 04:23:47
38,1202,1992-11-11 18:24:15
42,115,1988-04-07 22:41:31
57,1138,1987-02-09 08:38:07
9,343,1993-02-16 10:01:23
97,271,1999-03-15 15:12:06
30,468,2020-03-19 13:06:01
66,198,2008-03-24 14:05:45
58,779,1977-03-06 01:34:38
35,279,1974-12-02 06:37:24
32,366,1999-11-24 11:32:11
32,1291,1982-04-19 05:12:30
98,678,2023-08-11 05:28:02
24,853,1971-08-20 03:38:43
16,199,2018-10-13 15:21:14
19,527,2021-11-12 19:19:16
30,1080,1989-01-13 04:16:48
94,380,2002-05-17 20:35:22
92,1191,1983-08-09 00:15:14
91,1265,2005-07-15 03:08:21
82,357,1970-02-22 13:59:50
27,380,1999-03-06 02:56:29
30,69,2022-11-05 15:28:05
67,1179,2011-10-28 16:48:39
2,1176,1974-06-08 00:35:04
15,825,2004-02-04 00:15:08
28,1312,1971-10-25 06:53:12
78,141,1979-01-03 10:28:10
23,947,2005-06-18 21:22:00
71,967,2012-12-27 00:11:40
91,650,2021-08-22 08:43:14
33,1182,1973-05-08 03:39:30
93,298,1991-06-20 10:56:23
22,1157,2012-09-09 08:20:38
35,1090,2004-11-05 08:31:45
3,755,2023-07-31 14:25:18
8,28,1997-04-08 12:46:24
28,822,2005-02-21 01:02:52
20,360,2005-08-04 22:08:37
32,18,2003-07-30 02:26:54
26,1183,2012-06-17 21:21:30
24,828,1970-01-17 20:28:56
80,544,2011-08-17 21:35:41
72,610,2002-01-23 15:35:29
45,16,2007-11-04 20:21:12
51,1059,2013-03-06 16:39:29
96,886,2018-01-05 14:35:41
59,800,1996-07-02 14:37:41
77,1062,1984-05-30 20:42:36
82,1226,2009-05-20 20:37:56
89,6,1984-04-24 11:21:23
98,999,1992-09-09 14:20:00
3,488,2023-11-08 04:44:20
18,570,2018-07-18 09:53:27
46,310,1999-03-22 10:05:00
20,1232,1977-02-19 12:12:40
39,925,1989-04-25 04:18:48
53,866,2001-07-29 22:59:19
5,1265,2014-12-29 09:21:38
92,1084,1996-12-20 21:23:36
20,1205,2012-07-02 10:16:11
7,105,2001-07-20 18:22:44
90,271,1991-10-10 08:43:19
0,885,1990-09-07 04:32:48
10,372,1988-05-10 00:33:41
93,463,1983-08-20 11:42:01
48,922,2009-03-09 17:53:24
41,1009,2019-05-19 08:56:44
70,1119,2010-06-21 02:35:28
59,423,1998-01-23 20:52:29
44,823,1994-05-20 17:04:58
53,1135,2016-10-28 15:59:23
15,19,1971-08-16 17:37:14
18,733,1979-05-14 19:54:48
90,1144,2022-03-20 16:49:50
6,312,2006-12-09 01:25:23
81,291,1995-11-18 09:43:41
34,830,1992-11-30 14:02:14
14,1279,2007-05-26 05:21:28
88,353,2023-02-20 23:23:51
99,426,1981-10-17 17:10:51
11,201,1981-04-22 19:17:08
88,658,1971-02-09 15:47:01
5,1241,1990-01-10 08:48:14
22,255,1983-11-26 05:27:24
24,823,1986-06-21 06:54:37
83,1072,2021-01-21 19:46:46
13,698,2007-07-29 20:41:16
88,99,2019-06-27 19:46:58
58,246,1991-03-24 00:39:47
40,213,2006-07-06 07:50:20
20,131,1976-06-10 22:30:12
63,397,2005-11-07 02:52:02
87,1239,2004-06-07 05:11:48
31,818,2019-04-12 07:52:21
52,390,1982-08-22 03:07:40
42,1150,2013-11-25 09:16:15
2,1159,1991-09-25 06:38:27
2,982,2016-12-01 19:20:38
25,964,2002-12-01 19:25:19
66,169,1985-02-20 09:13:16
83,1235,1997-02-16 08:47:44
43,962,1986-01-29 01:29:08
4,19,1972-05-25 16:23:46
66,669,2014-02-12 20:40:59
34,1271,2001-07-04 22:30:27
15,530,1995-10-04 04:49:05
69,981,2013-07-28 11:55:49
95,993,2014-04-27 20:56:33
58,416,1976-09-27 03:42:18
49,1175,1989-08-11 21:34:34
3,872,2012-11-26 20:51:46
75,483,1981-01-13 02:01:59
10,381,1999-02-19 14:23:06
71,100,2000-04-14 14:04:25
43,331,2013-05-23 23:12:39
14,498,2001-12-20 10:31:55
91,1012,1970-08-05 19:45:05
76,785,1998-11-06 19:38:05
92,588,1984-08-30 06:58:44
58,48,1980-04-28 14:36:38
56,1087,1989-07-18 06:39:11
36,269,2006-05-26 02:22:33
77,1200,2010-02-05 12:46:37
86,784,1996-04-01 23:52:21
61,587,2006-05-30 16:05:31
74,774,1977-07-01 11:06:49
22,1286,1981-10-07 03:33:58
39,581,2016-09-11 22:44:38
91,581,1972-02-04 21:41:33
18,1250,2007-08-30 11:24:27
41,486,1989-03-10 01:54:24
38,1164,2021-05-13 05:48:18
49,437,2005-12-27 06:24:16
17,91,1987-04-13 05:31:31
28,378,2005-06-11 05:28:22
58,314,1991-03-05 03:44:19
5,0,1989-10-29 04:13:54
82,1278,2021-02-19 15:44:32
4,488,1999-09-03 14:23:43
15,876,1982-05-31 08:34:11
21,1136,1972-07-22 09:52:44
5,430,2005-06-29 17:49:16
40,443,1994-04-10 15:15:42
38,979,2008-02-06 03:13:04
31,1013,1981-12-31 07:05:52
9,156,2020-05-12 12:20:54
27,783,2021-04-20 02:11:56
40,190,1985-12-06 08:12:45
41,717,2001-01-16 23:38:47
79,1210,1989-04-05 09:03:51
45,404,1977-10-31 18:41:30
54,718,1982-11-30 20:27:27
48,653,2006-12-06 11:04:33
41,296,2017-08-29 23:01:25
67,990,1981-03-11 05:26:56
28,779,1977-05-16 04:58:08
18,1082,2006-06-16 14:56:07
18,447,2006-11-06 12:26:43
44,16,1998-12-17 18:49:03
22,338,2004-01-22 01:17:46
90,233,1990-09-07 10:33:37
87,110,2012-04-07 07:50:05
57,907,2011-02-21 16:55:52
93,454,2019-10-11 02:00:40
2,758,2016-05-22 16:05:12
7,998,2019-11-20 20:47:03
3,1299,1981-04-09 05:01:51
52,231,1995-08-28 16:36:50
69,466,1985-08-13 12:56:20
32,1018,2015-05-02 23:06:56
42,1007,1980-08-29 20:04:50
49,1295,2011-01-18 04:24:42
91,418,2015-12-08 23:59:06
62,1115,2009-08-20 20:52:17
15,1252,1982-02-03 18:47:24
16,200,1972-05-05 18:51:03
59,1292,2023-05-07 01:12:28
69,845,2003-05-16 07:54:01
21,848,1971-10-21 22:08:37
32,647,2022-01-18 18:32:13
24,181,2008-03-14 22:33:33
45,151,1988-05-15 16:04:08
82,312,2001-10-25 17:39:02
62,1167,2009-06-15 18:56:40
94,516,2009-07-05 20:11:09
7,1281,2005-07-08 17:58:24
59,1282,1980-09-05 02:26:08
0,0,2002-09-18 15:43:24
99,1158,2016-06-23 09:56:07
16,215,2013-08-25 23:09:13
17,719,1988-07-14 12:11:58
61,765,1972-12-20 17:36:08
34,422,1981-08-01 12:10:12
87,1136,2000-11-08 11:01:26
51,577,1974-04-10 10:59:20
12,383,2016-07-06 07:43:01
84,181,1973-03-20 00:59:25
58,1145,2019-05-31 21:17:57
9,758,1998-07-04 09:18:03
90,675,1971-03-08 05:04:16
11,729,1981-10-23 07:17:42
13,284,1983-10-28 00:10:45
38,1081,2000-05-01 11:23:35
95,68,1975-08-12 19:13:25
46,403,2021-04-10 04:32:26
7,338,2000-07-21 02:08:41
76,130,2006-10-06 23:30:25
48,403,1980-06-16 18:10:49
31,8,2017-11-04 22:08:19
62,1046,2017-12-19 12:48:00
98,218,2002-09-12 15:31:03
10,800,2001-04-13 00:24:52
66,1336,2003-08-28 17:14:03
97,326,2006-08-15 05:17:35
48,561,2014-12-27 01:08:17
36,436,1978-06-08 09:36:29
68,310,2004-04-17 17:46:59
50,600,1992-03-21 20:20:15
78,877,2016-01-20 22:38:11
75,1094,1999-09-15 23:01:06
88,1074,1986-08-22 23:33:19
80,772,1992-07-08 05:52:26
94,445,2022-08-02 10:38:39
20,670,2006-07-21 00:07:27
16,620,2010-12-01 20:14:48
15,557,2021-03-24 15:54:51
5,511,1984-07-18 11:20:59
92,659,1973-03-05 10:13:40
47,384,1994-09-09 07:56:25
89,264,1976-12-31 19:33:48
15,886,2000-12-05 16:47:50
4,1157,2020-12-12 16:13:34
22,34,2012-07-26 16:03:14
70,783,1970-11-22 21:09:41
70,118,2023-09-01 00:00:07
76,556,2012-01-29 06:17:09
32,914,1997-05-16 03:30:40
33,606,2011-08-17 10:36:54
5,645,2022-12-26 19:04:44
85,454,1992-06-03 16:30:44
91,622,1978-12-18 16:20:17
57,502,2010-08-06 16:38:55
28,8,1982-12-23 17:44:23
23,645,1983-06-30 11:46:09
73,730,1996-08-12 11:00:37
50,1147,1995-08-25 07:54:47
65,1218,1985-06-05 13:38:20
19,243,1976-12-05 21:28:58
82,1315,2002-10-17 09:38:12
80,1242,1977-03-08 10:53:34
94,883,2002-05-10 12:26:20
23,304,1971-11-20 20:15:56
75,1025,1996-01-30 21:42:07
48,1103,1987-07-31 20:16:22
65,287,1980-08-28 17:15:34
18,1302,1990-12-05 21:53:00
71,205,1994-11-19 01:40:44
47,226,1980-06-19 05:00:43
65,866,1971-01-06 13:22:19
9,1314,2016-03-27 01:15:20
96,69,1979-01-02 06:13:07
34,859,1995-01-12 14:54:25
47,860,1994-12-05 14:45:39
34,552,1987-10-14 03:31:54
2,98,2018-06-03 16:37:53
3,227,1985-10-10 15:07:38
12,584,2015-02-25 11:33:43
12,678,1983-01-16 00:42:45
57,189,2021-04-11 02:00:21
21,1308,2008-10-30 15:27:16
56,751,1993-12-27 18:56:54
48,116,1992-02-02 01:40:21
97,1018,1985-01-28 19:24:13
54,870,2020-06-13 17:12:47
97,738,1986-10-12 12:02:01
35,316,1997-07-20 06:26:02
23,182,1990-01-06 19:41:54
99,964,1981-09-05 18:20:44
83,1320,2007-09-16 01:38:37
68,386,1991-05-29 07:14:03
43,1115,2020-01-22 06:18:35
76,562,2021-08-07 23:03:57
40,652,2019-05-21 23:55:48
4,966,1985-04-14 07:25:52
3,1166,2012-08-20 00:26:44
54,977,1980-07-07 04:57:58
89,1248,1990-06-23 21:33:27
91,154,2008-01-27 10:57:54
23,198,1972-07-03 02:31:47
29,695,2005-11-25 02:11:19
87,198,2022-03-22 02:40:41
6,101,2020-08-11 19:16:08
24,340,1970-02-12 04:45:50
12,692,1987-02-11 04:35:44
2,685,2023-04-02 15:14:46
98,417,1985-09-12 13:45:47
76,834,1983-05-17 03:41:25
1,1078,2012-09-29 12:38:28
67,848,1973-05-22 19:50:05
34,622,1989-05-19 18:20:13
86,835,2002-10-31 22:46:26
3,273,2019-08-04 22:24:06
74,467,1976-03-28 01:23:27
47,1321,2003-08-16 19:43:17
33,1284,1972-07-05 19:29:17
48,265,2023-10-18 20:47:24
51,339,1973-10-09 10:52:02
99,679,1992-07-17 05:16:57
55,811,2004-01-06 03:12:03
99,103,1982-02-08 21:57:45
14,38,2002-06-13 05:23:59
58,931,2019-02-03 21:33:03
37,1270,1974-02-10 10:56:12
94,259,2016-10-01 04:47:15
53,511,2015-10-11 11:38:31
62,231,1996-09-25 09:41:07
70,241,1990-04-20 09:38:32
75,327,2002-12-20 13:07:33
32,679,1976-08-11 14:16:16
30,56,1981-07-22 16:18:47
58,751,1989-02-21 07:31:11
86,269,1988-05-12 16:28:37
60,1188,1973-09-11 03:34:20
13,1328,1977-07-26 22:32:22
86,530,1978-12-27 09:42:17
48,1175,2013-05-21 01:03:39
40,1105,2016-04-07 06:25:40
98,1292,1980-09-19 09:07:26
73,16,1994-07-27 11:55:38
80,516,1981-08-15 04:37:21
97,291,2000-10-25 00:12:37
16,1306,1989-09-04 10:11:58
20,939,1997-06-24 06:16:56
77,530,1992-10-14 20:41:27
70,312,1982-04-29 06:10:57
29,1257,1970-03-10 14:54:05
56,332,2019-04-19 01:17:06
10,498,1973-03-15 21:57:20
84,600,2002-10-16 17:36:15
85,248,1990-10-20 12:41:45
34,713,1978-04-18 14:02:50
87,131,1989-10-06 13:44:55
61,1273,1970-05-26 23:05:18
69,1155,2018-09-29 02:23:44
96,648,1991-03-16 01:29:04
13,42,2022-02-10 10:53:34
25,854,1993-06-21 21:57:15
47,566,1992-08-15 11:57:43
78,1147,1996-10-27 16:40:41
82,771,1984-07-14 04:27:52
27,46,2013-07-16 23:10:50
96,911,1982-10-17 01:54:54
12,325,1990-05-08 15:50:00
68,885,2021-08-10 11:51:22
60,115,2020-04-03 14:18:57
9,321,1976-01-20 09:37:19
53,1114,2008-05-05 10:20:00
91,537,2014-03-28 17:20:17
96,1024,1972-03-28 04:25:01
64,1134,1970-07-21 15:40:44
65,245,2019-07-15 04:40:55
72,1077,2015-11-08 12:39:01
99,985,2018-07-07 08:46:16
6,873,1983-12-07 14:49:00
17,1075,1977-02-24 06:04:28
65,958,1997-10-09 12:28:21
20,98,2000-10-08 17:20:31
90,1150,2005-07-29 13:34:07
83,149,1990-04-24 15:59:24
31,366,1981-02-03 01:18:45
39,1333,1998-04-26 12:00:42
45,1166,2001-05-06 09:30:31
50,622,1980-12-31 22:45:43
76,1329,2005-06-14 15:50:00
4,650,2021-07-01 21:51:32
86,1282,1982-06-23 16:18:39
70,980,1972-09-06 17:44:11
66,624,1981-06-30 02:21:13
24,880,2014-08-18 15:25:35
83,16,2021-08-12 00:59:31
46,799,2014-06-30 12:18:28
12,635,2011-09-30 13:13:47
99,1038,1980-01-23 00:35:54
62,470,1998-03-23 08:35:58
18,1044,2005-09-22 05:24:00
80,1155,1988-06-03 04:56:55
53,767,1983-05-29 22:36:34
78,813,1990-07-18 05:10:14
59,1229,2015-11-09 20:24:51
76,1289,2001-09-01 10:18:11
73,1302,1987-03-09 04:50:56
95,1237,1971-07-04 03:53:51
19,872,1972-03-17 00:44:07
72,1294,2017-04-07 04:37:52
0,1018,2007-09-27 10:48:48
18,347,2004-08-15 08:27:46
81,262,1997-02-11 13:51:40
24,190,1996-05-28 09:46:22
42,593,1989-12-24 00:40:58
56,1219,1972-01-16 20:06:53
14,607,2010-03-05 22:43:01
49,610,1990-04-10 21:56:40
42,729,2014-03-18 20:02:52
19,937,1971-07-26 18:14:24
27,899,2015-04-27 02:43:15
85,1138,1988-05-29 00:30:26
50,91,2016-04-16 19:28:23
91,1204,1984-10-28 21:33:07
46,685,1977-11-28 10:10:39
41,795,1975-03-24 18:09:45
64,886,2018-02-17 13:38:46
16,890,1991-06-10 18:07:11
56,375,1970-10-10 18:40:33
14,658,2000-03-30 14:31:16
76,691,2001-04-06 21:34:13
72,309,2017-11-04 05:07:03
54,519,1998-04-23 20:28:21
91,428,2010-04-03 14:30:02
36,640,1989-09-03 07:08:51
57,382,1975-09-30 02:30:03
58,951,2005-06-30 21:56:58
75,1228,2021-08-07 03:52:11
38,1129,1997-03-27 22:18:02
62,233,1991-09-19 07:58:56
29,761,2012-02-12 17:52:31
46,597,2021-11-02 18:12:20
76,424,2009-05-11 05:45:40
29,1214,1997-11-19 22:01:30
70,740,1972-07-25 04:34:01
53,506,2009-12-22 01:35:50
66,455,1978-12-10 02:44:36
3,382,2008-03-24 15:52:09
14,1292,2017-10-09 10:17:36
30,93,2019-07-07 02:49:37
45,1029,2010-02-24 05:01:44
34,1207,2008-05-31 00:55:22
20,679,1980-04-09 09:14:50
13,871,1979-01-07 10:37:58
86,1146,2004-11-29 02:22:46
63,1274,2015-03-01 13:51:20
41,467,1985-09-03 12:58:33
73,1185,2005-04-22 20:33:30
25,622,1971-11-02 15:24:48
32,624,2020-04-30 20:31:48
90,832,1981-04-24 09:31:26
20,638,1995-12-12 20:38:30
16,959,2022-08-21 17:40:47
18,29,1988-10-02 16:31:50
51,355,2005-05-20 15:25:38
49,899,2013-05-11 14:18:06
45,618,2001-09-24 12:28:59
15,786,2022-05-19 21:47:52
21,1061,1977-07-12 01:31:07
96,1186,1983-05-09 09:10:56
20,194,1994-07-19 08:22:10
75,580,2011-11-30 10:13:41
97,626,1999-05-28 20:35:14
3,953,2023-03-21 01:55:07
67,443,1977-05-15 20:48:22
65,1136,1981-09-19 17:53:54
42,839,1994-08-30 09:52:06
72,1173,1992-04-04 10:47:44
89,1204,2017-03-11 08:57:49
39,838,1976-05-19 14:49:10
57,165,1992-10-25 15:46:19
71,422,2012-01-23 02:27:08
27,1138,2002-11-30 05:37:59
37,338,1985-10-24 11:35:18
7,803,2004-10-15 11:31:33
82,247,2017-05-28 04:17:20
10,493,2001-04-30 17:26:51
64,436,2013-06-24 18:24:28
86,1022,1987-11-15 04:01:13
97,1309,1981-09-05 04:44:48
58,352,2022-02-11 09:25:36
3,509,1987-09-15 22:47:29
57,304,2012-12-23 04:23:22
64,281,2012-12-01 22:50:10
24,910,1972-01-20 18:38:26
6,98,2023-07-01 06:06:31
63,56,1982-09-23 00:48:09
92,600,1995-01-10 16:12:03
3,986,2011-08-10 01:58:34
3,1318,2000-08-05 19:00:54
86,66,2017-02-09 18:16:26
20,226,1972-04-04 01:45:08
53,963,2005-08-22 13:38:29
68,111,2003-09-09 17:54:56
82,1284,2015-06-27 00:31:33
35,626,1991-10-22 04:55:50
81,832,1974-10-24 03:15:47
6,1248,1974-06-20 03:09:49
13,1318,1976-10-05 21:24:59
69,847,1971-10-18 14:22:17
34,75,1975-04-29 10:02:50
96,733,2009-08-29 22:08:32
47,1253,1995-04-23 02:51:43
45,343,2022-06-14 12:42:40
16,1136,1975-12-11 14:44:20
8,1250,1990-07-18 18:49:35
74,647,2018-10-04 22:59:17
44,745,2006-04-10 14:42:35
90,1043,1978-05-18 23:54:31
23,1132,1988-08-16 01:52:57
29,1148,1980-05-24 21:13:57
41,1287,2023-05-03 03:05:50
77,1179,2018-01-02 18:27:55
22,1126,1980-03-16 14:14:06
68,314,1988-03-23 02:25:04
5,581,2007-06-08 23:53:59
48,61,1999-05-13 12:19:35
17,345,1997-10-11 11:42:20
75,822,2007-11-28 03:28:38
38,940,2000-05-29 07:49:05
43,1215,1999-05-24 13:32:51
83,822,2012-08-27 20:45:00
86,1334,2014-08-10 07:34:45
83,977,2016-10-07 12:57:15
13,1204,1972-04-14 05:29:39
12,91,1989-02-12 20:28:50
90,768,2008-02-04 08:06:31
15,448,1992-11-12 13:24:12
85,1114,1971-07-30 11:49:00
85,828,2002-04-03 20:54:55
60,976,1992-05-18 00:26:54
31,981,1970-05-01 06:20:56
59,597,1980-11-08 01:20:17
50,1248,2002-08-17 21:37:28
82,652,1986-11-05 01:49:21
29,383,1979-06-02 17:41:02
73,291,1999-07-26 00:51:53
43,355,1980-06-23 17:28:32
6,121,1975-05-26 06:59:57
45,832,2013-02-18 10:00:33
99,664,2005-06-21 22:38:47
3,1205,2011-01-12 14:35:07
56,649,1970-04-09 08:18:23
97,488,2004-03-25 23:29:47
53,682,2001-04-18 12:26:47
33,341,1998-08-12 00:14:27
99,287,1976-04-06 07:56:54
39,374,1985-01-30 11:18:13
22,1054,1974-05-01 06:26:26
94,795,2016-06-13 15:48:11
57,843,2014-07-14 10:48:59
78,467,1980-09-07 19:44:29
5,1299,1987-01-31 09:52:02
52,732,2019-03-16 06:03:35
68,1173,1971-08-07 13:15:29
74,343,2007-02-19 07:56:51
64,59,2004-06-05 03:44:40
87,1091,1977-07-07 23:22:19
54,744,1998-07-07 16:45:37
40,216,2001-08-09 07:04:17
76,297,1986-10-17 12:17:13
89,693,2000-02-04 20:08:00
56,369,1991-10-01 17:04:59
83,430,2004-05-31 16:44:30
77,455,1970-09-21 00:07:44
39,390,1975-01-17 23:58:53
62,555,1998-06-18 11:02:36
94,1033,1987-01-24 07:52:35
8,772,2004-09-21 03:15:04
20,380,1975-01-03 18:24:16
92,1330,1987-01-27 15:23:01
38,1293,1972-02-27 10:38:38
58,537,2009-02-13 21:41:46
54,1023,2013-12-11 23:48:20
92,490,1988-05-03 03:54:11
72,378,2004-03-30 09:06:57
98,380,2011-03-15 03:24:53
20,238,2002-01-10 05:15:07
10,351,2011-12-20 05:13:49
86,377,2020-07-28 23:17:08
80,1039,2023-09-29 14:34:20
92,605,1993-09-14 05:03:49
63,462,1988-04-13 12:24:49
3,1041,2015-01-23 23:27:21
40,964,1970-10-17 00:24:48
3,1315,1994-05-10 00:50:04
5,135,1982-02-01 19:01:02
56,351,1988-04-30 05:01:46
80,439,1985-04-14 08:26:59
89,181,1973-03-20 13:11:50
96,132,1975-01-26 02:06:44
77,425,2017-06-11 14:11:49
41,1012,2023-03-11 17:09:10
86,569,2000-12-26 15:00:43
44,425,2000-10-06 19:12:55
30,640,1993-10-02 13:30:46
89,143,2016-05-02 21:45:00
33,1197,1983-08-13 06:01:05
99,238,1986-01-24 08:15:38
70,706,1979-09-20 06:23:38
26,474,1995-04-23 05:30:30
35,349,1976-10-19 00:35:35
0,776,2008-11-09 19:46:40
34,892,2006-06-05 17:48:06
4,762,2023-07-11 03:09:56
37,1120,1978-11-14 21:46:22
37,877,1970-01-21 21:44:57
84,395,1980-06-04 12:46:03
32,689,1994-02-28 09:48:50
58,611,1974-06-29 07:29:16
59,787,1998-09-21 05:40:37
74,671,1987-03-15 18:45:51
1,261,2012-11-04 15:05:24
18,117,1983-09-08 05:50:39
7,486,1985-12-10 21:09:01
93,182,2016-09-30 05:07:43
86,554,1986-09-29 17:11:56
21,1038,1998-12-25 02:55:26
53,1010,2009-06-10 06:20:43
40,975,1987-09-18 17:08:51
64,1074,1982-04-27 20:36:45
27,1277,1994-08-29 07:01:19
58,228,2013-08-02 12:46:37
10,521,2009-08-17 05:21:01
86,1136,2005-03-31 05:54:46
68,848,1984-10-08 22:06:54
20,533,1994-11-18 07:51:15
52,620,2003-04-09 19:03:52
72,895,1995-07-04 19:37:52
20,863,2005-07-28 18:48:37
21,111,1993-02-27 01:07:14
31,113,1975-04-29 23:47:37
2,501,2021-10-18 20:48:23
55,209,1978-11-01 10:40:05
12,854,1978-04-19 01:41:49
53,663,2011-11-24 20:10:53
0,511,2011-12-31 04:34:56
53,700,1993-02-19 07:45:57
66,73,1983-02-13 18:22:39
49,709,1974-03-25 12:45:54
16,1050,1991-07-26 23:18:17
69,381,1978-01-16 07:35:17
94,176,2005-05-01 09:59:48
58,485,2019-02-27 02:13:56
16,782,2003-04-03 19:08:02
8,597,2007-11-27 19:15:40
83,486,1984-09-11 08:52:46
53,594,2012-06-08 05:10:16
70,879,1989-10-11 08:39:40
9,976,2004-06-12 03:05:30
75,1214,2008-03-03 13:42:39
1,608,1984-04-25 19:10:55
12,270,2017-01-10 10:21:06
60,744,2018-02-28 12:39:51
28,742,2019-05-13 06:30:02
21,199,2003-05-17 05:16:58
57,733,2021-11-30 20:30:57
12,1284,1971-01-27 06:07:11
91,1294,1999-12-24 17:31:01
75,776,1982-09-26 22:10:15
85,1100,1991-01-23 02:41:18
31,689,1996-12-14 03:40:34
19,600,2004-08-11 17:55:41
22,218,1995-02-21 18:11:10
47,1197,1998-03-25 16:15:31
8,274,1973-08-13 18:38:58
90,1312,2009-07-22 14:34:05
80,579,1971-02-13 01:16:14
9,1041,2002-01-12 17:15:23
34,331,2014-07-12 18:49:01
50,620,1989-02-13 22:38:47
56,687,1975-06-17 16:15:31
81,451,1973-06-23 20:36:35
77,471,1983-12-31 02:14:53
70,1150,2016-08-31 07:27:56
36,903,2023-12-01 03:34:27
41,100,2021-10-04 23:23:58
98,45,2010-07-28 18:54:44
88,765,1975-01-22 07:23:06
26,152,1979-10-14 22:47:10
85,1194,2007-08-25 05:09:40
50,174,1973-06-14 00:02:09
76,840,1973-10-24 16:54:15
38,103,1980-08-24 03:11:59
0,111,1992-11-13 06:52:08
62,455,1981-05-12 11:37:50
48,34,2014-05-05 03:59:20
72,1160,1976-08-04 22:43:41
54,1280,2009-03-07 18:01:32
66,1126,1996-07-16 20:21:09
9,392,1989-11-02 15:32:16
12,466,2007-01-01 20:10:13
36,281,1975-06-03 09:11:10
3,0,2018-10-23 18:00:03
75,228,2011-01-14 12:07:32
48,689,1972-08-27 05:15:38
79,823,1994-03-17 05:10:05
61,892,2016-09-23 13:35:27
62,834,2020-02-27 12:21:30
81,928,2015-03-01 22:23:14
62,1102,1979-08-02 00:27:33
56,457,1986-08-03 03:52:44
40,341,2006-12-13 09:33:03
50,117,1995-07-22 13:15:21
74,54,1993-04-24 20:43:21
5,309,1976-01-09 10:23:01
29,155,1996-03-06 05:38:22
68,0,1998-05-23 18:41:47
40,968,2004-12-20 09:00:07
68,64,2006-05-31 17:47:07
66,1134,1981-12-22 22:21:36
63,587,1970-07-21 02:21:16
29,756,2023-08-01 17:59:15
35,103,1971-06-19 00:01:59
20,62,1973-02-01 23:32:57
58,1040,2012-09-02 08:34:51
67,508,1974-09-18 19:35:29
90,1061,1997-06-25 13:50:59
31,316,1999-07-31 23:06:44
29,888,2015-09-15 19:13:55
54,1176,1978-03-14 09:38:29
38,214,2018-05-06 08:06:48
47,355,2002-07-16 14:18:11
94,1158,2022-01-03 08:22:58
29,1049,1973-07-11 15:04:59
95,300,1978-12-23 08:45:15
62,678,2016-11-29 19:17:58
89,183,2008-09-04 08:58:47
15,382,1975-11-16 22:39:32
31,340,2021-04-10 20:03:13
21,774,1977-10-30 22:10:05
88,181,2014-07-25 18:17:00
95,330,1983-07-18 03:14:07
43,872,1998-04-13 12:24:43
36,315,2023-09-05 10:09:22
99,1234,2009-03-27 21:37:28
77,1274,1989-01-31 02:26:55
80,315,2003-03-16 17:37:04
1,101,2006-12-23 02:57:57
59,1167,2007-11-18 15:21:52
22,987,2008-12-19 19:09:59
98,1211,2004-01-07 07:05:44
73,1216,2007-08-25 11:53:27
57,96,1972-01-17 17:26:32
71,211,2017-05-02 11:33:10
15,953,1977-12-02 09:59:01
6,745,1973-08-15 00:26:21
32,732,1982-12-17 15:46:58
38,659,2007-08-01 22:14:09
27,528,1994-10-13 19:00:37
65,416,1991-11-03 20:57:10
81,1060,1980-04-23 15:30:31
51,1046,2001-01-08 05:42:34
59,1191,2021-05-09 09:25:08
30,1333,2007-03-07 17:25:20
46,305,1992-01-11 10:31:16
75,838,1994-09-27 11:04:03
61,925,2021-05-25 23:15:24
57,182,1978-03-29 12:33:27
23,1164,1992-11-03 14:53:43
36,1205,1976-12-14 17:41:21
30,1261,1974-01-01 08:01:08
44,276,1982-04-30 07:23:16
94,208,2022-04-16 11:54:04
94,1232,2013-01-18 12:23:29
98,293,2018-12-28 16:52:14
37,194,1988-02-29 21:36:21
46,440,1994-01-02 23:41:27
0,969,1990-02-25 22:22:08
77,557,2023-06-12 04:19:13
95,1010,2004-12-20 21:07:41
94,333,1970-03-28 19:49:52
57,521,1990-02-08 12:47:01
56,566,2005-11-24 10:30:48
71,1113,1974-04-09 14:08:58
86,899,2013-09-18 05:28:05
50,1247,2005-02-20 20:12:08
58,457,2003-09-12 07:36:16
0,987,2023-07-27 21:57:45
3,939,2007-11-20 05:35:36
55,722,2011-12-18 19:58:49
84,1054,2022-03-16 18:26:28
34,544,2018-11-12 03:36:17
8,1049,1981-02-19 11:59:34
14,255,2023-10-18 04:04:12
93,1313,1995-02-04 10:20:28
84,782,2013-05-09 04:26:02
26,847,2015-01-27 09:07:49
93,5,1991-05-04 10:17:43
8,502,1991-03-09 19:24:30
95,831,2009-04-22 00:57:07
21,704,2011-10-29 10:06:09
48,1318,2010-11-09 08:28:56
67,154,2020-07-29 21:47:24
52,15,1998-01-11 05:39:26
42,62,1991-05-21 03:39:09
92,979,1985-02-24 09:34:24
89,995,1979-11-22 06:31:30
66,895,2011-08-27 04:24:28
74,632,2001-09-11 18:44:42
39,152,2002-08-24 11:00:44
93,14,2012-03-03 14:34:02
61,976,2013-05-19 21:26:46
18,1224,2006-11-25 13:35:57
70,751,1980-11-16 05:35:53
31,1198,2003-03-05 20:35:36
10,755,1992-06-10 05:30:46
73,561,2000-04-02 17:59:30
38,473,1980-03-15 15:01:46
25,1160,1981-02-28 14:54:15
69,420,1973-01-27 09:17:33
30,1295,2014-06-17 05:18:51
43,839,2015-10-14 19:17:38
4,65,1979-03-17 07:11:19
71,758,1983-05-17 08:50:38
52,303,2022-07-17 22:05:34
26,778,1979-12-12 09:04:08
29,717,1986-06-14 02:37:22
48,1074,2022-02-15 13:54:45
69,149,1981-11-17 12:11:07
17,465,1986-11-03 15:33:31
91,580,1985-07-08 14:14:14
61,1220,1992-08-20 08:08:34
50,903,2003-06-04 04:21:11
14,385,1991-10-10 22:35:59
25,255,1997-09-02 08:36:57
2,118,2012-08-09 17:49:02
86,150,1979-10-18 02:07:22
54,677,2021-05-18 17:16:45
57,925,1977-04-04 15:07:06
65,1152,2009-04-19 03:29:21
74,870,2021-03-22 20:16:25
15,48,2022-04-11 08:10:37
27,605,2015-12-21 11:30:37
63,1331,2013-05-15 12:58:45
5,334,1974-03-04 04:43:53
76,98,2010-05-31 05:10:45
27,1190,1979-08-22 11:22:32
35,366,1987-12-24 18:35:44
78,552,2000-04-21 04:36:47
42,1043,1983-07-04 16:14:08
23,598,1981-09-03 08:37:17
69,557,2020-01-25 00:39:35
9,461,1983-10-22 17:24:50
90,1235,2005-09-27 23:52:05
11,139,2009-06-07 15:21:59
66,306,1971-06-18 02:24:04
80,501,1989-06-05 00:24:25
43,922,1994-07-11 17:33:27
31,272,1977-03-31 22:03:17
27,702,1971-01-08 10:00:33
4,124,1995-11-26 14:01:30
22,856,2004-12-16 19:03:17
22,805,1998-02-18 17:03:05
87,77,1986-08-04 15:27:16
82,201,2006-03-09 01:51:18
74,408,1982-11-26 00:03:05
83,53,1979-07-30 03:47:24
79,836,2019-04-29 21:58:33
73,71,2004-01-11 14:52:08
51,552,1989-10-05 21:30:43
90,389,2013-03-16 22:07:53
57,33,1973-04-29 11:09:50
61,369,1991-07-28 03:30:59
43,897,2002-08-23 06:51:37
58,293,2011-09-27 17:01:34
83,247,1974-08-02 19:20:02
55,201,2020-04-02 13:02:22
33,781,2014-09-25 04:17:35
64,911,1994-08-17 22:38:06
55,241,2013-07-31 15:31:34
26,643,1993-07-19 09:13:36
54,441,1991-02-16 11:32:48
43,1314,2019-08-28 01:34:00
71,768,1983-10-03 00:40:06
9,1123,2009-01-24 23:00:39
2,988,2001-06-21 01:14:39
54,574,2021-10-06 08:34:29
23,756,2000-03-10 03:34:01
33,1009,2020-07-12 05:48:28
25,541,1988-02-29 05:28:06
29,1234,2002-09-09 13:03:51
56,1085,2001-11-15 00:37:20
30,586,1988-12-13 21:47:29
25,1056,2003-11-25 12:49:05
37,523,2008-08-08 06:33:06
48,669,1988-02-28 15:47:11
65,494,2000-09-17 22:10:52
46,138,2008-05-01 15:55:17
87,684,1991-01-24 22:55:45
54,1189,1979-08-08 02:05:59
10,93,1998-03-04 23:18:05
89,354,1997-01-23 15:59:18
76,182,2020-05-15 09:26:24
35,371,1974-04-24 04:56:28
32,26,2008-01-11 16:25:40
9,689,2010-08-01 21:24:43
47,1168,1973-06-19 09:06:55
51,76,1990-02-06 09:20:37
49,877,1990-12-30 20:01:24
1,1127,1973-04-25 10:53:02
17,441,2003-04-03 21:41:02
4,681,1970-08-24 19:17:24
15,203,2019-05-22 22:05:43
54,953,2014-12-21 10:02:18
52,369,2018-05-14 15:24:19
51,100,1998-09-02 16:58:31
10,1075,1994-11-18 07:23:51
68,508,2005-10-07 09:45:19
6,1319,2001-08-31 18:14:46
3,36,1999-01-01 13:44:03
47,241,2007-03-24 23:54:36
84,597,2000-06-19 16:11:30
19,1065,2010-09-14 17:06:05
50,325,1973-07-25 14:45:10
39,1315,2001-05-03 03:24:25
37,689,1979-05-14 13:59:46
56,513,1971-09-28 23:38:37
1,1130,1996-03-10 23:05:43
61,483,1985-02-22 22:34:31
54,1278,1988-11-28 10:33:59
30,1132,1996-04-23 20:23:16
45,762,1972-06-09 12:17:04
88,403,1985-09-18 12:27:02
12,330,1995-08-17 23:56:21
95,0,1983-09-04 11:46:09
76,16,2022-07-11 11:11:42
23,1059,2020-01-14 00:14:54
88,389,1998-05-08 09:28:29
74,652,2003-10-10 22:16:21
79,390,1980-10-11 14:22:30
98,1139,2020-01-30 15:16:11
5,1023,1992-12-31 12:25:29
47,602,1971-11-14 17:53:36
23,1314,2003-06-29 23:58:48
28,376,2016-04-30 17:51:30
29,501,1988-06-02 03:04:40
53,1312,2015-12-02 10:16:46
40,107,2022-12-08 14:28:00
77,932,1973-03-14 12:46:53
6,790,1976-01-17 16:39:23
62,382,2009-08-28 18:13:44
59,1081,1976-01-18 16:35:12
0,339,1992-07-12 20:27:55
47,623,2002-08-01 21:00:38
62,271,2014-08-25 00:24:12
18,1242,1997-05-23 08:11:14
95,516,2005-01-21 09:38:05
65,700,1991-07-26 05:16:11
83,734,1988-03-21 05:21:04
54,1045,1975-04-28 23:24:07
65,925,2013-08-31 05:30:20
89,570,2023-04-05 00:24:07
2,1072,2016-04-01 19:24:51
76,635,2009-07-09 14:50:16
72,935,1981-10-29 14:52:15
7,1043,2002-12-03 22:38:58
75,1154,1985-10-01 17:43:28
23,90,2008-10-17 17:45:47
50,649,2011-04-11 00:34:57
40,303,2010-10-10 09:36:15
6,296,1983-01-20 07:49:44
90,731,2006-12-14 14:54:02
83,350,2007-04-30 11:35:53
99,1120,1987-12-09 04:55:11
5,942,2014-04-17 00:29:30
44,1191,1996-02-08 17:13:06
5,521,1996-06-09 03:36:44
82,119,2013-09-04 12:20:44
75,696,1988-11-05 16:59:03
69,700,1996-11-09 22:28:25
15,1258,1973-08-18 18:41:54
52,228,1977-01-29 18:31:30
47,684,1999-11-15 21:15:27
92,707,2000-05-01 09:02:04
54,988,2004-03-16 07:52:37
64,814,1990-06-28 20:22:51
98,132,1979-03-03 22:16:21
94,415,2015-09-12 12:53:36
50,1182,2008-02-09 12:13:27
83,594,2009-09-19 22:45:51
33,355,1979-09-21 21:44:04
48,136,1988-07-28 23:32:46
3,1208,2016-06-09 04:13:56
71,1056,2011-01-12 16:54:57
43,1142,2020-09-18 02:23:39
35,1289,1973-09-16 16:17:32
32,693,2000-12-02 07:06:31
59,508,2020-02-09 04:27:45
70,707,2018-07-24 20:23:11
48,332,1999-04-13 18:17:55
11,466,1986-07-31 09:47:56
72,528,2018-05-30 03:29:36
5,1229,1975-06-19 15:30:38
34,177,1974-02-17 13:29:44
4,772,1988-06-13 20:33:47
44,193,2014-08-07 01:15:00
26,554,1980-09-08 20:54:36
93,352,2012-06-08 21:51:47
87,152,2013-07-21 11:01:56
37,244,1987-12-08 06:17:19
96,656,1998-05-03 21:41:45
10,950,1977-07-05 09:14:52
1,959,1975-04-30 23:11:26
28,380,2009-09-19 02:38:33
96,796,1982-06-19 11:02:16
70,748,1999-09-25 20:42:47
48,1193,1997-08-08 11:40:21
31,579,2022-07-17 00:25:32
78,306,2002-11-03 05:20:56
97,674,2008-01-01 10:39:25
8,1169,2014-01-15 00:18:46
85,704,1998-08-10 16:36:26
44,678,2007-08-09 10:21:16
45,969,1988-06-26 06:39:21
2,1090,2022-02-14 04:23:12
13,109,1974-08-12 12:27:55
70,845,1982-06-19 03:50:45
6,1318,2010-01-17 21:08:35
73,29,2023-06-06 23:46:55
50,967,1986-11-04 06:56:45
29,357,2020-07-20 04:38:02
94,305,2014-06-13 10:42:56
71,351,1982-07-27 18:09:24
28,786,1972-05-20 16:37:11
54,1253,2020-07-16 23:05:02
51,45,1987-05-02 16:34:56
66,795,1970-10-01 13:12:30
47,389,2011-06-14 05:30:28
5,898,2010-10-26 15:01:18
80,919,2009-01-03 12:07:17
34,753,1993-02-01 18:04:25
99,47,1990-05-17 00:03:41
50,1237,1980-03-07 02:14:30
19,248,2004-10-24 15:18:24
20,640,1988-05-27 03:33:04
41,674,2002-03-05 04:09:23
35,243,2002-04-01 12:31:03
52,1126,2003-03-21 03:07:30
71,674,2006-04-12 10:03:30
91,727,1972-06-26 22:14:27
69,709,1987-08-27 13:54:58
33,832,1985-02-06 12:56:58
29,7,1999-10-03 08:05:41
66,1247,2023-07-25 00:08:03
57,1193,1988-05-14 15:41:39
36,1335,1971-10-29 00:39:31
96,1185,1977-08-19 18:09:33
86,726,1972-10-09 11:31:05
80,483,1976-04-24 04:00:59
18,293,2004-01-05 21:54:53
14,749,1990-01-25 03:55:16
51,764,2015-10-23 19:00:11
81,689,1975-07-03 12:50:45
56,921,1995-12-21 08:29:21
53,1233,2011-09-13 09:25:49
31,574,1983-11-08 03:49:56
35,1056,2007-12-20 09:38:20
81,910,1997-05-20 02:58:45
36,1302,2006-03-09 20:21:01
34,799,2015-09-09 05:07:18
70,179,1983-02-24 02:57:35
15,221,1985-10-16 11:33:51
92,818,1987-08-29 05:33:22
43,1289,2011-09-17 20:51:55
62,1095,2023-05-06 21:16:20
76,406,2000-10-06 11:35:42
92,1319,1991-01-08 16:06:24
51,306,2001-10-02 05:39:46
79,208,1999-08-20 09:36:45
92,823,2002-05-22 12:05:47
51,1034,1984-02-15 05:25:11
45,1126,2018-04-04 11:05:20
4,355,1994-07-18 05:39:58
4,109,1972-04-17 17:01:28
39,1332,1993-06-20 14:50:02
32,1156,1988-05-14 14:17:47
72,623,2017-06-12 22:22:05
80,1175,1983-06-27 14:02:55
7,53,1986-10-26 10:04:31
71,389,1983-02-26 21:10:23
91,919,2022-04-28 16:01:05
25,138,1997-04-18 15:21:45
2,259,2017-03-31 05:51:00
92,643,2019-04-12 11:33:48
62,460,2008-10-23 09:47:35
55,661,1982-12-11 13:16:41
26,1287,2010-04-29 00:21:32
10,848,2009-09-25 21:18:01
65,18,1971-05-27 05:39:42
37,1257,1997-09-16 08:18:36
51,637,1992-10-16 04:29:05
78,704,1972-06-17 11:30:43
31,1000,2017-06-30 13:23:10
71,78,1986-06-07 11:10:35
8,162,1982-10-23 18:24:43
14,620,1973-08-28 09:02:31
84,831,1989-06-10 06:35:04
48,1208,2016-07-03 08:41:23
24,897,2020-02-21 09:07:09
75,999,1981-01-06 07:43:22
95,812,2017-09-29 07:19:33
15,261,1985-12-25 17:01:16
73,420,1979-01-06 10:06:31
58,1033,2000-07-23 00:51:12
15,1308,1971-05-25 22:06:14
17,922,2002-05-31 07:16:16
24,330,1995-04-19 06:37:09
36,105,2016-05-25 15:05:26
69,704,2004-08-04 07:29:42
38,878,2013-08-18 16:09:54
62,1220,1990-11-15 05:18:38
41,623,1988-07-19 00:29:28
69,463,1978-09-25 18:52:55
24,34,1979-11-22 18:10:39
27,0,1993-10-26 07:23:45
7,163,2008-11-04 11:37:03
27,455,2019-12-28 02:53:50
22,511,1975-01-18 07:56:12
10,455,1972-01-20 21:05:18
14,780,1993-12-30 02:29:16
96,323,2013-05-27 11:12:02
60,987,2022-03-12 22:03:23
22,1208,2015-06-03 12:25:20
91,203,2022-07-06 02:05:40
54,523,1991-12-21 13:03:15
47,115,1990-06-27 10:06:49
92,890,1972-12-07 16:54:39
65,749,1970-08-17 07:02:55
49,59,2018-01-18 05:31:12
14,101,2014-12-13 16:43:34
55,971,1999-11-16 16:18:24
16,723,1989-12-18 18:26:24
86,719,2021-07-12 18:33:50
52,307,1988-08-18 08:55:48
28,1164,1999-02-12 23:02:36
8,467,2011-03-04 01:06:09
35,1169,1973-01-31 12:25:43
70,863,1989-05-02 19:13:11
34,105,2003-04-13 11:45:28
68,1305,1989-12-08 21:04:06
21,756,1970-10-01 05:56:41
16,1215,2014-11-16 04:29:31
32,486,2009-01-05 17:08:13
59,375,2019-06-30 18:46:43
99,819,2004-07-15 06:21:00
56,337,1971-03-24 08:20:46
54,175,1982-04-30 18:00:27
60,1045,1987-10-12 07:30:25
76,768,2010-01-05 01:26:26
16,736,2017-11-18 01:27:51
13,375,2019-02-03 15:26:49
87,914,1988-04-09 17:28:35
18,317,1985-10-10 20:39:37
60,79,1994-04-10 18:13:04
34,451,2005-11-14 20:04:32
49,483,2005-06-29 09:55:19
32,1167,1987-06-06 22:42:05
66,650,2003-04-17 00:25:23
39,38,1983-01-25 16:48:05
22,1261,1972-06-06 09:24:07
20,771,1998-10-05 19:42:52
23,272,2020-07-05 05:41:05
98,379,1990-09-26 21:21:26
77,953,2021-02-24 12:12:39
21,209,2012-10-24 02:14:56
99,1135,2020-11-10 18:29:58
46,1088,2022-07-06 00:18:21
72,990,1976-12-10 06:30:05
29,1028,1998-12-21 03:41:45
81,1284,1973-02-04 15:06:38
95,602,1974-09-08 16:24:08
25,46,2014-03-18 02:56:53
9,980,1990-03-12 01:04:39
11,1192,2013-05-26 04:15:39
43,763,1980-04-03 08:09:43
17,880,2016-09-11 00:04:20
61,502,2006-01-06 22:17:35
42,734,1970-08-29 15:11:59
25,1274,1998-10-30 01:39:27
99,1252,1980-04-15 03:49:05
83,507,2003-11-15 09:37:19
32,141,2017-03-31 22:15:26
93,334,1982-06-03 00:29:17
13,93,1995-02-23 21:10:04
67,338,1975-09-18 13:39:37
90,1169,1974-11-27 11:29:57
64,802,1974-09-09 23:54:22
90,642,1978-04-21 08:05:56
86,744,2004-01-18 07:36:56
36,722,2000-01-20 02:11:48
90,894,2015-08-03 02:48:04
7,209,2001-08-02 02:24:24
23,863,1979-04-19 01:52:17
81,116,1992-10-26 06:16:35
44,814,1973-12-14 13:37:50
58,417,2016-04-03 01:10:30
39,239,2005-09-07 02:06:47
50,1136,2022-03-10 17:03:28
24,936,1979-09-17 10:48:25
5,661,2004-12-20 12:57:46
92,178,1983-05-02 18:09:42
4,871,2016-05-14 15:59:53
7,987,2021-04-15 08:21:07
56,1320,1992-11-01 17:10:04
4,1129,1974-03-27 13:55:47
66,281,1996-12-22 03:07:35
42,1144,1992-05-08 09:55:53
47,191,2015-04-27 11:29:43
38,421,1994-05-29 01:02:13
70,925,1984-05-13 11:16:21
34,637,2017-11-07 18:05:53
40,898,1973-06-29 07:20:49
62,1233,1990-11-20 20:29:11
10,165,1974-09-07 13:32:06
22,1207,2013-01-06 19:19:51
47,790,1984-04-25 13:08:41
4,199,2008-02-08 08:54:34
71,8,2001-02-09 22:06:55
42,747,2002-02-04 15:32:34
79,297,2016-12-26 02:25:48
37,1043,1975-03-05 21:45:29
25,1236,1981-03-18 18:27:04
51,691,1991-11-01 18:12:44
37,12,2022-10-14 04:57:43
15,730,2001-03-30 13:19:22
22,1024,1992-11-17 07:48:36
76,1336,2000-12-07 12:48:39
20,1207,1999-02-09 21:19:13
13,1110,1974-08-08 07:37:26
1,584,2011-06-30 20:21:46
44,385,2007-04-27 11:43:56
43,656,2017-11-30 05:28:36
91,1191,2021-05-21 19:54:57
14,74,1975-10-18 20:28:23
5,189,2016-03-12 05:01:16
86,194,2016-05-02 12:37:55
23,618,2005-04-13 23:01:42
64,512,2022-12-19 14:00:38
42,645,1973-03-22 05:51:41
45,451,1995-06-20 16:36:16
95,1293,1977-04-13 08:11:24
28,490,1998-08-05 07:21:33
98,898,2001-11-08 23:43:25
94,210,2010-12-21 07:09:57
88,331,1988-07-18 06:26:55
89,608,2014-02-26 02:35:53
88,1022,2016-01-22 14:51:47
17,686,2007-01-24 03:23:51
21,72,2023-06-16 12:23:23
2,264,2013-12-19 17:31:43
15,783,1997-04-23 17:41:09
78,1330,1982-03-25 21:49:28
58,426,1995-04-02 22:55:15
34,265,1994-08-14 08:37:40
44,1212,2017-01-02 01:27:13
13,1141,1985-10-29 08:50:32
78,216,1979-03-03 12:41:53
91,238,1988-11-26 14:59:38
72,499,1977-10-21 16:45:58
84,246,2000-03-22 08:29:09
85,814,1982-10-27 10:09:34
1,1309,1997-05-08 19:23:15
37,574,2002-07-07 06:37:35
14,1010,1984-12-22 13:18:12
5,492,1981-07-21 08:01:06
23,152,1981-06-10 00:18:10
64,498,2018-03-10 05:08:21
98,506,2023-02-01 23:17:22
4,1306,1985-05-08 23:26:06
71,372,1981-02-14 03:08:45
22,881,2016-09-30 04:30:12
5,394,2023-08-11 18:58:25
64,499,1999-07-11 15:51:57
29,476,2002-07-17 23:21:53
18,873,2017-11-26 08:09:21
14,1199,2012-07-12 05:15:27
32,84,1979-02-07 21:44:36
36,1319,2009-04-19 00:48:39
17,919,2011-07-20 22:25:01
89,1275,2008-07-03 12:34:22
77,839,2002-06-21 14:56:00
14,1236,1988-12-05 03:00:08
74,430,2015-11-21 23:24:43
63,958,2007-01-11 09:43:47
0,399,1992-07-20 08:14:20
78,132,2008-02-24 19:38:06
18,509,1987-08-16 22:06:09
85,1199,2000-04-29 22:10:39
7,88,1982-06-04 17:33:52
92,1049,1972-09-16 16:37:40
